// @generated by crates/swift-text/scripts/gen-unicode-tables.swift from the Swift runtime
// (Version 26.6.2 (Build 25G83)). Do not edit.
//
// Inclusive scalar ranges, ascending and non-overlapping (surrogates excluded).

/// `Unicode.Scalar.Properties.isAlphabetic` — `Character.isLetter` tests the first scalar.
pub static ALPHABETIC: &[(u32, u32)] = &[
    (0x41, 0x5A), (0x61, 0x7A), (0xAA, 0xAA), (0xB5, 0xB5), (0xBA, 0xBA), (0xC0, 0xD6),
    (0xD8, 0xF6), (0xF8, 0x2C1), (0x2C6, 0x2D1), (0x2E0, 0x2E4), (0x2EC, 0x2EC), (0x2EE, 0x2EE),
    (0x345, 0x345), (0x363, 0x374), (0x376, 0x377), (0x37A, 0x37D), (0x37F, 0x37F), (0x386, 0x386),
    (0x388, 0x38A), (0x38C, 0x38C), (0x38E, 0x3A1), (0x3A3, 0x3F5), (0x3F7, 0x481), (0x48A, 0x52F),
    (0x531, 0x556), (0x559, 0x559), (0x560, 0x588), (0x5B0, 0x5BD), (0x5BF, 0x5BF), (0x5C1, 0x5C2),
    (0x5C4, 0x5C5), (0x5C7, 0x5C7), (0x5D0, 0x5EA), (0x5EF, 0x5F2), (0x610, 0x61A), (0x620, 0x657),
    (0x659, 0x65F), (0x66E, 0x6D3), (0x6D5, 0x6DC), (0x6E1, 0x6E8), (0x6ED, 0x6EF), (0x6FA, 0x6FC),
    (0x6FF, 0x6FF), (0x710, 0x73F), (0x74D, 0x7B1), (0x7CA, 0x7EA), (0x7F4, 0x7F5), (0x7FA, 0x7FA),
    (0x800, 0x817), (0x81A, 0x82C), (0x840, 0x858), (0x860, 0x86A), (0x870, 0x887), (0x889, 0x88F),
    (0x897, 0x897), (0x8A0, 0x8C9), (0x8D4, 0x8DF), (0x8E3, 0x8E9), (0x8F0, 0x93B), (0x93D, 0x94C),
    (0x94E, 0x950), (0x955, 0x963), (0x971, 0x983), (0x985, 0x98C), (0x98F, 0x990), (0x993, 0x9A8),
    (0x9AA, 0x9B0), (0x9B2, 0x9B2), (0x9B6, 0x9B9), (0x9BD, 0x9C4), (0x9C7, 0x9C8), (0x9CB, 0x9CC),
    (0x9CE, 0x9CE), (0x9D7, 0x9D7), (0x9DC, 0x9DD), (0x9DF, 0x9E3), (0x9F0, 0x9F1), (0x9FC, 0x9FC),
    (0xA01, 0xA03), (0xA05, 0xA0A), (0xA0F, 0xA10), (0xA13, 0xA28), (0xA2A, 0xA30), (0xA32, 0xA33),
    (0xA35, 0xA36), (0xA38, 0xA39), (0xA3E, 0xA42), (0xA47, 0xA48), (0xA4B, 0xA4C), (0xA51, 0xA51),
    (0xA59, 0xA5C), (0xA5E, 0xA5E), (0xA70, 0xA75), (0xA81, 0xA83), (0xA85, 0xA8D), (0xA8F, 0xA91),
    (0xA93, 0xAA8), (0xAAA, 0xAB0), (0xAB2, 0xAB3), (0xAB5, 0xAB9), (0xABD, 0xAC5), (0xAC7, 0xAC9),
    (0xACB, 0xACC), (0xAD0, 0xAD0), (0xAE0, 0xAE3), (0xAF9, 0xAFC), (0xB01, 0xB03), (0xB05, 0xB0C),
    (0xB0F, 0xB10), (0xB13, 0xB28), (0xB2A, 0xB30), (0xB32, 0xB33), (0xB35, 0xB39), (0xB3D, 0xB44),
    (0xB47, 0xB48), (0xB4B, 0xB4C), (0xB56, 0xB57), (0xB5C, 0xB5D), (0xB5F, 0xB63), (0xB71, 0xB71),
    (0xB82, 0xB83), (0xB85, 0xB8A), (0xB8E, 0xB90), (0xB92, 0xB95), (0xB99, 0xB9A), (0xB9C, 0xB9C),
    (0xB9E, 0xB9F), (0xBA3, 0xBA4), (0xBA8, 0xBAA), (0xBAE, 0xBB9), (0xBBE, 0xBC2), (0xBC6, 0xBC8),
    (0xBCA, 0xBCC), (0xBD0, 0xBD0), (0xBD7, 0xBD7), (0xC00, 0xC0C), (0xC0E, 0xC10), (0xC12, 0xC28),
    (0xC2A, 0xC39), (0xC3D, 0xC44), (0xC46, 0xC48), (0xC4A, 0xC4C), (0xC55, 0xC56), (0xC58, 0xC5A),
    (0xC5C, 0xC5D), (0xC60, 0xC63), (0xC80, 0xC83), (0xC85, 0xC8C), (0xC8E, 0xC90), (0xC92, 0xCA8),
    (0xCAA, 0xCB3), (0xCB5, 0xCB9), (0xCBD, 0xCC4), (0xCC6, 0xCC8), (0xCCA, 0xCCC), (0xCD5, 0xCD6),
    (0xCDC, 0xCDE), (0xCE0, 0xCE3), (0xCF1, 0xCF3), (0xD00, 0xD0C), (0xD0E, 0xD10), (0xD12, 0xD3A),
    (0xD3D, 0xD44), (0xD46, 0xD48), (0xD4A, 0xD4C), (0xD4E, 0xD4E), (0xD54, 0xD57), (0xD5F, 0xD63),
    (0xD7A, 0xD7F), (0xD81, 0xD83), (0xD85, 0xD96), (0xD9A, 0xDB1), (0xDB3, 0xDBB), (0xDBD, 0xDBD),
    (0xDC0, 0xDC6), (0xDCF, 0xDD4), (0xDD6, 0xDD6), (0xDD8, 0xDDF), (0xDF2, 0xDF3), (0xE01, 0xE3A),
    (0xE40, 0xE46), (0xE4D, 0xE4D), (0xE81, 0xE82), (0xE84, 0xE84), (0xE86, 0xE8A), (0xE8C, 0xEA3),
    (0xEA5, 0xEA5), (0xEA7, 0xEB9), (0xEBB, 0xEBD), (0xEC0, 0xEC4), (0xEC6, 0xEC6), (0xECD, 0xECD),
    (0xEDC, 0xEDF), (0xF00, 0xF00), (0xF40, 0xF47), (0xF49, 0xF6C), (0xF71, 0xF83), (0xF88, 0xF97),
    (0xF99, 0xFBC), (0x1000, 0x1036), (0x1038, 0x1038), (0x103B, 0x103F), (0x1050, 0x108F),
    (0x109A, 0x109D), (0x10A0, 0x10C5), (0x10C7, 0x10C7), (0x10CD, 0x10CD), (0x10D0, 0x10FA),
    (0x10FC, 0x1248), (0x124A, 0x124D), (0x1250, 0x1256), (0x1258, 0x1258), (0x125A, 0x125D),
    (0x1260, 0x1288), (0x128A, 0x128D), (0x1290, 0x12B0), (0x12B2, 0x12B5), (0x12B8, 0x12BE),
    (0x12C0, 0x12C0), (0x12C2, 0x12C5), (0x12C8, 0x12D6), (0x12D8, 0x1310), (0x1312, 0x1315),
    (0x1318, 0x135A), (0x1380, 0x138F), (0x13A0, 0x13F5), (0x13F8, 0x13FD), (0x1401, 0x166C),
    (0x166F, 0x167F), (0x1681, 0x169A), (0x16A0, 0x16EA), (0x16EE, 0x16F8), (0x1700, 0x1713),
    (0x171F, 0x1733), (0x1740, 0x1753), (0x1760, 0x176C), (0x176E, 0x1770), (0x1772, 0x1773),
    (0x1780, 0x17B3), (0x17B6, 0x17C8), (0x17D7, 0x17D7), (0x17DC, 0x17DC), (0x1820, 0x1878),
    (0x1880, 0x18AA), (0x18B0, 0x18F5), (0x1900, 0x191E), (0x1920, 0x192B), (0x1930, 0x1938),
    (0x1950, 0x196D), (0x1970, 0x1974), (0x1980, 0x19AB), (0x19B0, 0x19C9), (0x1A00, 0x1A1B),
    (0x1A20, 0x1A5E), (0x1A61, 0x1A74), (0x1AA7, 0x1AA7), (0x1ABF, 0x1AC0), (0x1ACC, 0x1ACE),
    (0x1B00, 0x1B33), (0x1B35, 0x1B43), (0x1B45, 0x1B4C), (0x1B80, 0x1BA9), (0x1BAC, 0x1BAF),
    (0x1BBA, 0x1BE5), (0x1BE7, 0x1BF1), (0x1C00, 0x1C36), (0x1C4D, 0x1C4F), (0x1C5A, 0x1C7D),
    (0x1C80, 0x1C8A), (0x1C90, 0x1CBA), (0x1CBD, 0x1CBF), (0x1CE9, 0x1CEC), (0x1CEE, 0x1CF3),
    (0x1CF5, 0x1CF6), (0x1CFA, 0x1CFA), (0x1D00, 0x1DBF), (0x1DD3, 0x1DF4), (0x1E00, 0x1F15),
    (0x1F18, 0x1F1D), (0x1F20, 0x1F45), (0x1F48, 0x1F4D), (0x1F50, 0x1F57), (0x1F59, 0x1F59),
    (0x1F5B, 0x1F5B), (0x1F5D, 0x1F5D), (0x1F5F, 0x1F7D), (0x1F80, 0x1FB4), (0x1FB6, 0x1FBC),
    (0x1FBE, 0x1FBE), (0x1FC2, 0x1FC4), (0x1FC6, 0x1FCC), (0x1FD0, 0x1FD3), (0x1FD6, 0x1FDB),
    (0x1FE0, 0x1FEC), (0x1FF2, 0x1FF4), (0x1FF6, 0x1FFC), (0x2071, 0x2071), (0x207F, 0x207F),
    (0x2090, 0x209C), (0x2102, 0x2102), (0x2107, 0x2107), (0x210A, 0x2113), (0x2115, 0x2115),
    (0x2119, 0x211D), (0x2124, 0x2124), (0x2126, 0x2126), (0x2128, 0x2128), (0x212A, 0x212D),
    (0x212F, 0x2139), (0x213C, 0x213F), (0x2145, 0x2149), (0x214E, 0x214E), (0x2160, 0x2188),
    (0x24B6, 0x24E9), (0x2C00, 0x2CE4), (0x2CEB, 0x2CEE), (0x2CF2, 0x2CF3), (0x2D00, 0x2D25),
    (0x2D27, 0x2D27), (0x2D2D, 0x2D2D), (0x2D30, 0x2D67), (0x2D6F, 0x2D6F), (0x2D80, 0x2D96),
    (0x2DA0, 0x2DA6), (0x2DA8, 0x2DAE), (0x2DB0, 0x2DB6), (0x2DB8, 0x2DBE), (0x2DC0, 0x2DC6),
    (0x2DC8, 0x2DCE), (0x2DD0, 0x2DD6), (0x2DD8, 0x2DDE), (0x2DE0, 0x2DFF), (0x2E2F, 0x2E2F),
    (0x3005, 0x3007), (0x3021, 0x3029), (0x3031, 0x3035), (0x3038, 0x303C), (0x3041, 0x3096),
    (0x309D, 0x309F), (0x30A1, 0x30FA), (0x30FC, 0x30FF), (0x3105, 0x312F), (0x3131, 0x318E),
    (0x31A0, 0x31BF), (0x31F0, 0x31FF), (0x3400, 0x4DBF), (0x4E00, 0xA48C), (0xA4D0, 0xA4FD),
    (0xA500, 0xA60C), (0xA610, 0xA61F), (0xA62A, 0xA62B), (0xA640, 0xA66E), (0xA674, 0xA67B),
    (0xA67F, 0xA6EF), (0xA717, 0xA71F), (0xA722, 0xA788), (0xA78B, 0xA7DC), (0xA7F1, 0xA805),
    (0xA807, 0xA827), (0xA840, 0xA873), (0xA880, 0xA8C3), (0xA8C5, 0xA8C5), (0xA8F2, 0xA8F7),
    (0xA8FB, 0xA8FB), (0xA8FD, 0xA8FF), (0xA90A, 0xA92A), (0xA930, 0xA952), (0xA960, 0xA97C),
    (0xA980, 0xA9B2), (0xA9B4, 0xA9BF), (0xA9CF, 0xA9CF), (0xA9E0, 0xA9EF), (0xA9FA, 0xA9FE),
    (0xAA00, 0xAA36), (0xAA40, 0xAA4D), (0xAA60, 0xAA76), (0xAA7A, 0xAABE), (0xAAC0, 0xAAC0),
    (0xAAC2, 0xAAC2), (0xAADB, 0xAADD), (0xAAE0, 0xAAEF), (0xAAF2, 0xAAF5), (0xAB01, 0xAB06),
    (0xAB09, 0xAB0E), (0xAB11, 0xAB16), (0xAB20, 0xAB26), (0xAB28, 0xAB2E), (0xAB30, 0xAB5A),
    (0xAB5C, 0xAB69), (0xAB70, 0xABEA), (0xAC00, 0xD7A3), (0xD7B0, 0xD7C6), (0xD7CB, 0xD7FB),
    (0xF882, 0xF882), (0xF89A, 0xF89E), (0xF8A2, 0xF8A7), (0xF8B8, 0xF8B8), (0xF8C1, 0xF8D6),
    (0xF900, 0xFA6D), (0xFA70, 0xFAD9), (0xFB00, 0xFB06), (0xFB13, 0xFB17), (0xFB1D, 0xFB28),
    (0xFB2A, 0xFB36), (0xFB38, 0xFB3C), (0xFB3E, 0xFB3E), (0xFB40, 0xFB41), (0xFB43, 0xFB44),
    (0xFB46, 0xFBB1), (0xFBD3, 0xFD3D), (0xFD50, 0xFD8F), (0xFD92, 0xFDC7), (0xFDF0, 0xFDFB),
    (0xFE70, 0xFE74), (0xFE76, 0xFEFC), (0xFF21, 0xFF3A), (0xFF41, 0xFF5A), (0xFF66, 0xFFBE),
    (0xFFC2, 0xFFC7), (0xFFCA, 0xFFCF), (0xFFD2, 0xFFD7), (0xFFDA, 0xFFDC), (0x10000, 0x1000B),
    (0x1000D, 0x10026), (0x10028, 0x1003A), (0x1003C, 0x1003D), (0x1003F, 0x1004D),
    (0x10050, 0x1005D), (0x10080, 0x100FA), (0x10140, 0x10174), (0x10280, 0x1029C),
    (0x102A0, 0x102D0), (0x10300, 0x1031F), (0x1032D, 0x1034A), (0x10350, 0x1037A),
    (0x10380, 0x1039D), (0x103A0, 0x103C3), (0x103C8, 0x103CF), (0x103D1, 0x103D5),
    (0x10400, 0x1049D), (0x104B0, 0x104D3), (0x104D8, 0x104FB), (0x10500, 0x10527),
    (0x10530, 0x10563), (0x10570, 0x1057A), (0x1057C, 0x1058A), (0x1058C, 0x10592),
    (0x10594, 0x10595), (0x10597, 0x105A1), (0x105A3, 0x105B1), (0x105B3, 0x105B9),
    (0x105BB, 0x105BC), (0x105C0, 0x105F3), (0x10600, 0x10736), (0x10740, 0x10755),
    (0x10760, 0x10767), (0x10780, 0x10785), (0x10787, 0x107B0), (0x107B2, 0x107BA),
    (0x10800, 0x10805), (0x10808, 0x10808), (0x1080A, 0x10835), (0x10837, 0x10838),
    (0x1083C, 0x1083C), (0x1083F, 0x10855), (0x10860, 0x10876), (0x10880, 0x1089E),
    (0x108E0, 0x108F2), (0x108F4, 0x108F5), (0x10900, 0x10915), (0x10920, 0x10939),
    (0x10940, 0x10959), (0x10980, 0x109B7), (0x109BE, 0x109BF), (0x10A00, 0x10A03),
    (0x10A05, 0x10A06), (0x10A0C, 0x10A13), (0x10A15, 0x10A17), (0x10A19, 0x10A35),
    (0x10A60, 0x10A7C), (0x10A80, 0x10A9C), (0x10AC0, 0x10AC7), (0x10AC9, 0x10AE4),
    (0x10B00, 0x10B35), (0x10B40, 0x10B55), (0x10B60, 0x10B72), (0x10B80, 0x10B91),
    (0x10C00, 0x10C48), (0x10C80, 0x10CB2), (0x10CC0, 0x10CF2), (0x10D00, 0x10D27),
    (0x10D4A, 0x10D65), (0x10D69, 0x10D69), (0x10D6F, 0x10D85), (0x10E80, 0x10EA9),
    (0x10EAB, 0x10EAC), (0x10EB0, 0x10EB1), (0x10EC2, 0x10EC7), (0x10EFA, 0x10EFC),
    (0x10F00, 0x10F1C), (0x10F27, 0x10F27), (0x10F30, 0x10F45), (0x10F70, 0x10F81),
    (0x10FB0, 0x10FC4), (0x10FE0, 0x10FF6), (0x11000, 0x11045), (0x11071, 0x11075),
    (0x11080, 0x110B8), (0x110C2, 0x110C2), (0x110D0, 0x110E8), (0x11100, 0x11132),
    (0x11144, 0x11147), (0x11150, 0x11172), (0x11176, 0x11176), (0x11180, 0x111BF),
    (0x111C1, 0x111C4), (0x111CE, 0x111CF), (0x111DA, 0x111DA), (0x111DC, 0x111DC),
    (0x11200, 0x11211), (0x11213, 0x11234), (0x11237, 0x11237), (0x1123E, 0x11241),
    (0x11280, 0x11286), (0x11288, 0x11288), (0x1128A, 0x1128D), (0x1128F, 0x1129D),
    (0x1129F, 0x112A8), (0x112B0, 0x112E8), (0x11300, 0x11303), (0x11305, 0x1130C),
    (0x1130F, 0x11310), (0x11313, 0x11328), (0x1132A, 0x11330), (0x11332, 0x11333),
    (0x11335, 0x11339), (0x1133D, 0x11344), (0x11347, 0x11348), (0x1134B, 0x1134C),
    (0x11350, 0x11350), (0x11357, 0x11357), (0x1135D, 0x11363), (0x11380, 0x11389),
    (0x1138B, 0x1138B), (0x1138E, 0x1138E), (0x11390, 0x113B5), (0x113B7, 0x113C0),
    (0x113C2, 0x113C2), (0x113C5, 0x113C5), (0x113C7, 0x113CA), (0x113CC, 0x113CD),
    (0x113D1, 0x113D1), (0x113D3, 0x113D3), (0x11400, 0x11441), (0x11443, 0x11445),
    (0x11447, 0x1144A), (0x1145F, 0x11461), (0x11480, 0x114C1), (0x114C4, 0x114C5),
    (0x114C7, 0x114C7), (0x11580, 0x115B5), (0x115B8, 0x115BE), (0x115D8, 0x115DD),
    (0x11600, 0x1163E), (0x11640, 0x11640), (0x11644, 0x11644), (0x11680, 0x116B5),
    (0x116B8, 0x116B8), (0x11700, 0x1171A), (0x1171D, 0x1172A), (0x11740, 0x11746),
    (0x11800, 0x11838), (0x118A0, 0x118DF), (0x118FF, 0x11906), (0x11909, 0x11909),
    (0x1190C, 0x11913), (0x11915, 0x11916), (0x11918, 0x11935), (0x11937, 0x11938),
    (0x1193B, 0x1193C), (0x1193F, 0x11942), (0x119A0, 0x119A7), (0x119AA, 0x119D7),
    (0x119DA, 0x119DF), (0x119E1, 0x119E1), (0x119E3, 0x119E4), (0x11A00, 0x11A32),
    (0x11A35, 0x11A3E), (0x11A50, 0x11A97), (0x11A9D, 0x11A9D), (0x11AB0, 0x11AF8),
    (0x11B60, 0x11B67), (0x11BC0, 0x11BE0), (0x11C00, 0x11C08), (0x11C0A, 0x11C36),
    (0x11C38, 0x11C3E), (0x11C40, 0x11C40), (0x11C72, 0x11C8F), (0x11C92, 0x11CA7),
    (0x11CA9, 0x11CB6), (0x11D00, 0x11D06), (0x11D08, 0x11D09), (0x11D0B, 0x11D36),
    (0x11D3A, 0x11D3A), (0x11D3C, 0x11D3D), (0x11D3F, 0x11D41), (0x11D43, 0x11D43),
    (0x11D46, 0x11D47), (0x11D60, 0x11D65), (0x11D67, 0x11D68), (0x11D6A, 0x11D8E),
    (0x11D90, 0x11D91), (0x11D93, 0x11D96), (0x11D98, 0x11D98), (0x11DB0, 0x11DDB),
    (0x11EE0, 0x11EF6), (0x11F00, 0x11F10), (0x11F12, 0x11F3A), (0x11F3E, 0x11F40),
    (0x11FB0, 0x11FB0), (0x12000, 0x12399), (0x12400, 0x1246E), (0x12480, 0x12543),
    (0x12F90, 0x12FF0), (0x13000, 0x1342F), (0x13441, 0x13446), (0x13460, 0x143FA),
    (0x14400, 0x14646), (0x16100, 0x1612E), (0x16800, 0x16A38), (0x16A40, 0x16A5E),
    (0x16A70, 0x16ABE), (0x16AD0, 0x16AED), (0x16B00, 0x16B2F), (0x16B40, 0x16B43),
    (0x16B63, 0x16B77), (0x16B7D, 0x16B8F), (0x16D40, 0x16D6C), (0x16E40, 0x16E7F),
    (0x16EA0, 0x16EB8), (0x16EBB, 0x16ED3), (0x16F00, 0x16F4A), (0x16F4F, 0x16F87),
    (0x16F8F, 0x16F9F), (0x16FE0, 0x16FE1), (0x16FE3, 0x16FE3), (0x16FF0, 0x16FF6),
    (0x17000, 0x18CD5), (0x18CFF, 0x18D1E), (0x18D80, 0x18DF2), (0x1AFF0, 0x1AFF3),
    (0x1AFF5, 0x1AFFB), (0x1AFFD, 0x1AFFE), (0x1B000, 0x1B122), (0x1B132, 0x1B132),
    (0x1B150, 0x1B152), (0x1B155, 0x1B155), (0x1B164, 0x1B167), (0x1B170, 0x1B2FB),
    (0x1BC00, 0x1BC6A), (0x1BC70, 0x1BC7C), (0x1BC80, 0x1BC88), (0x1BC90, 0x1BC99),
    (0x1BC9E, 0x1BC9E), (0x1D400, 0x1D454), (0x1D456, 0x1D49C), (0x1D49E, 0x1D49F),
    (0x1D4A2, 0x1D4A2), (0x1D4A5, 0x1D4A6), (0x1D4A9, 0x1D4AC), (0x1D4AE, 0x1D4B9),
    (0x1D4BB, 0x1D4BB), (0x1D4BD, 0x1D4C3), (0x1D4C5, 0x1D505), (0x1D507, 0x1D50A),
    (0x1D50D, 0x1D514), (0x1D516, 0x1D51C), (0x1D51E, 0x1D539), (0x1D53B, 0x1D53E),
    (0x1D540, 0x1D544), (0x1D546, 0x1D546), (0x1D54A, 0x1D550), (0x1D552, 0x1D6A5),
    (0x1D6A8, 0x1D6C0), (0x1D6C2, 0x1D6DA), (0x1D6DC, 0x1D6FA), (0x1D6FC, 0x1D714),
    (0x1D716, 0x1D734), (0x1D736, 0x1D74E), (0x1D750, 0x1D76E), (0x1D770, 0x1D788),
    (0x1D78A, 0x1D7A8), (0x1D7AA, 0x1D7C2), (0x1D7C4, 0x1D7CB), (0x1DF00, 0x1DF1E),
    (0x1DF25, 0x1DF2A), (0x1E000, 0x1E006), (0x1E008, 0x1E018), (0x1E01B, 0x1E021),
    (0x1E023, 0x1E024), (0x1E026, 0x1E02A), (0x1E030, 0x1E06D), (0x1E08F, 0x1E08F),
    (0x1E100, 0x1E12C), (0x1E137, 0x1E13D), (0x1E14E, 0x1E14E), (0x1E290, 0x1E2AD),
    (0x1E2C0, 0x1E2EB), (0x1E4D0, 0x1E4EB), (0x1E5D0, 0x1E5ED), (0x1E5F0, 0x1E5F0),
    (0x1E6C0, 0x1E6DE), (0x1E6E0, 0x1E6F5), (0x1E6FE, 0x1E6FF), (0x1E7E0, 0x1E7E6),
    (0x1E7E8, 0x1E7EB), (0x1E7ED, 0x1E7EE), (0x1E7F0, 0x1E7FE), (0x1E800, 0x1E8C4),
    (0x1E900, 0x1E943), (0x1E947, 0x1E947), (0x1E94B, 0x1E94B), (0x1EE00, 0x1EE03),
    (0x1EE05, 0x1EE1F), (0x1EE21, 0x1EE22), (0x1EE24, 0x1EE24), (0x1EE27, 0x1EE27),
    (0x1EE29, 0x1EE32), (0x1EE34, 0x1EE37), (0x1EE39, 0x1EE39), (0x1EE3B, 0x1EE3B),
    (0x1EE42, 0x1EE42), (0x1EE47, 0x1EE47), (0x1EE49, 0x1EE49), (0x1EE4B, 0x1EE4B),
    (0x1EE4D, 0x1EE4F), (0x1EE51, 0x1EE52), (0x1EE54, 0x1EE54), (0x1EE57, 0x1EE57),
    (0x1EE59, 0x1EE59), (0x1EE5B, 0x1EE5B), (0x1EE5D, 0x1EE5D), (0x1EE5F, 0x1EE5F),
    (0x1EE61, 0x1EE62), (0x1EE64, 0x1EE64), (0x1EE67, 0x1EE6A), (0x1EE6C, 0x1EE72),
    (0x1EE74, 0x1EE77), (0x1EE79, 0x1EE7C), (0x1EE7E, 0x1EE7E), (0x1EE80, 0x1EE89),
    (0x1EE8B, 0x1EE9B), (0x1EEA1, 0x1EEA3), (0x1EEA5, 0x1EEA9), (0x1EEAB, 0x1EEBB),
    (0x1F130, 0x1F149), (0x1F150, 0x1F169), (0x1F170, 0x1F189), (0x20000, 0x2A6DF),
    (0x2A700, 0x2B81D), (0x2B820, 0x2CEAD), (0x2CEB0, 0x2EBE0), (0x2EBF0, 0x2EE5D),
    (0x2F800, 0x2FA1D), (0x30000, 0x3134A), (0x31350, 0x33479),
];

/// `Unicode.Scalar.Properties.numericType != nil` — `Character.isNumber` tests the first scalar.
pub static NUMERIC: &[(u32, u32)] = &[
    (0x30, 0x39), (0xB2, 0xB3), (0xB9, 0xB9), (0xBC, 0xBE), (0x660, 0x669), (0x6F0, 0x6F9),
    (0x7C0, 0x7C9), (0x966, 0x96F), (0x9E6, 0x9EF), (0x9F4, 0x9F9), (0xA66, 0xA6F), (0xAE6, 0xAEF),
    (0xB66, 0xB6F), (0xB72, 0xB77), (0xBE6, 0xBF2), (0xC66, 0xC6F), (0xC78, 0xC7E), (0xCE6, 0xCEF),
    (0xD58, 0xD5E), (0xD66, 0xD78), (0xDE6, 0xDEF), (0xE50, 0xE59), (0xED0, 0xED9), (0xF20, 0xF33),
    (0x1040, 0x1049), (0x1090, 0x1099), (0x1369, 0x137C), (0x16EE, 0x16F0), (0x17E0, 0x17E9),
    (0x17F0, 0x17F9), (0x1810, 0x1819), (0x1946, 0x194F), (0x19D0, 0x19DA), (0x1A80, 0x1A89),
    (0x1A90, 0x1A99), (0x1B50, 0x1B59), (0x1BB0, 0x1BB9), (0x1C40, 0x1C49), (0x1C50, 0x1C59),
    (0x2070, 0x2070), (0x2074, 0x2079), (0x2080, 0x2089), (0x2150, 0x2182), (0x2185, 0x2189),
    (0x2460, 0x249B), (0x24EA, 0x24FF), (0x2776, 0x2793), (0x2CFD, 0x2CFD), (0x3007, 0x3007),
    (0x3021, 0x3029), (0x3038, 0x303A), (0x3192, 0x3195), (0x3220, 0x3229), (0x3248, 0x324F),
    (0x3251, 0x325F), (0x3280, 0x3289), (0x32B1, 0x32BF), (0x3405, 0x3405), (0x3483, 0x3483),
    (0x382A, 0x382A), (0x3B4D, 0x3B4D), (0x4E00, 0x4E00), (0x4E03, 0x4E03), (0x4E07, 0x4E07),
    (0x4E09, 0x4E09), (0x4E24, 0x4E24), (0x4E5D, 0x4E5D), (0x4E8C, 0x4E8C), (0x4E94, 0x4E94),
    (0x4E96, 0x4E96), (0x4EAC, 0x4EAC), (0x4EBF, 0x4EC0), (0x4EDF, 0x4EDF), (0x4EE8, 0x4EE8),
    (0x4F0D, 0x4F0D), (0x4F70, 0x4F70), (0x4FE9, 0x4FE9), (0x5006, 0x5006), (0x5104, 0x5104),
    (0x5146, 0x5146), (0x5169, 0x5169), (0x516B, 0x516B), (0x516D, 0x516D), (0x5341, 0x5341),
    (0x5343, 0x5345), (0x534C, 0x534C), (0x53C1, 0x53C4), (0x56DB, 0x56DB), (0x58F1, 0x58F1),
    (0x58F9, 0x58F9), (0x5E7A, 0x5E7A), (0x5EFE, 0x5EFF), (0x5F0C, 0x5F0E), (0x5F10, 0x5F10),
    (0x62D0, 0x62D0), (0x62FE, 0x62FE), (0x634C, 0x634C), (0x67D2, 0x67D2), (0x6D1E, 0x6D1E),
    (0x6F06, 0x6F06), (0x7396, 0x7396), (0x767E, 0x767E), (0x7695, 0x7695), (0x79ED, 0x79ED),
    (0x8086, 0x8086), (0x842C, 0x842C), (0x8CAE, 0x8CAE), (0x8CB3, 0x8CB3), (0x8D30, 0x8D30),
    (0x920E, 0x920E), (0x94A9, 0x94A9), (0x9621, 0x9621), (0x9646, 0x9646), (0x964C, 0x964C),
    (0x9678, 0x9678), (0x96F6, 0x96F6), (0xA620, 0xA629), (0xA6E6, 0xA6EF), (0xA830, 0xA835),
    (0xA8D0, 0xA8D9), (0xA900, 0xA909), (0xA9D0, 0xA9D9), (0xA9F0, 0xA9F9), (0xAA50, 0xAA59),
    (0xABF0, 0xABF9), (0xF96B, 0xF96B), (0xF973, 0xF973), (0xF978, 0xF978), (0xF9B2, 0xF9B2),
    (0xF9D1, 0xF9D1), (0xF9D3, 0xF9D3), (0xF9FD, 0xF9FD), (0xFF10, 0xFF19), (0x10107, 0x10133),
    (0x10140, 0x10178), (0x1018A, 0x1018B), (0x102E1, 0x102FB), (0x10320, 0x10323),
    (0x10341, 0x10341), (0x1034A, 0x1034A), (0x103D1, 0x103D5), (0x104A0, 0x104A9),
    (0x10858, 0x1085F), (0x10879, 0x1087F), (0x108A7, 0x108AF), (0x108FB, 0x108FF),
    (0x10916, 0x1091B), (0x109BC, 0x109BD), (0x109C0, 0x109CF), (0x109D2, 0x109FF),
    (0x10A40, 0x10A48), (0x10A7D, 0x10A7E), (0x10A9D, 0x10A9F), (0x10AEB, 0x10AEF),
    (0x10B58, 0x10B5F), (0x10B78, 0x10B7F), (0x10BA9, 0x10BAF), (0x10CFA, 0x10CFF),
    (0x10D30, 0x10D39), (0x10D40, 0x10D49), (0x10E60, 0x10E7E), (0x10F1D, 0x10F26),
    (0x10F51, 0x10F54), (0x10FC5, 0x10FCB), (0x11052, 0x1106F), (0x110F0, 0x110F9),
    (0x11136, 0x1113F), (0x111D0, 0x111D9), (0x111E1, 0x111F4), (0x112F0, 0x112F9),
    (0x11450, 0x11459), (0x114D0, 0x114D9), (0x11650, 0x11659), (0x116C0, 0x116C9),
    (0x116D0, 0x116E3), (0x11730, 0x1173B), (0x118E0, 0x118F2), (0x11950, 0x11959),
    (0x11BF0, 0x11BF9), (0x11C50, 0x11C6C), (0x11D50, 0x11D59), (0x11DA0, 0x11DA9),
    (0x11DE0, 0x11DE9), (0x11F50, 0x11F59), (0x11FC0, 0x11FD4), (0x12038, 0x12039),
    (0x12079, 0x12079), (0x12226, 0x12226), (0x1222B, 0x1222B), (0x1230B, 0x1230B),
    (0x1230D, 0x1230D), (0x12399, 0x12399), (0x12400, 0x1246E), (0x16130, 0x16139),
    (0x16A60, 0x16A69), (0x16AC0, 0x16AC9), (0x16B50, 0x16B59), (0x16B5B, 0x16B61),
    (0x16D70, 0x16D79), (0x16E80, 0x16E96), (0x16FF4, 0x16FF6), (0x1CCF0, 0x1CCF9),
    (0x1D2C0, 0x1D2D3), (0x1D2E0, 0x1D2F3), (0x1D360, 0x1D378), (0x1D7CE, 0x1D7FF),
    (0x1E140, 0x1E149), (0x1E2F0, 0x1E2F9), (0x1E4F0, 0x1E4F9), (0x1E5F1, 0x1E5FA),
    (0x1E8C7, 0x1E8CF), (0x1E950, 0x1E959), (0x1EC71, 0x1ECAB), (0x1ECAD, 0x1ECAF),
    (0x1ECB1, 0x1ECB4), (0x1ED01, 0x1ED2D), (0x1ED2F, 0x1ED3D), (0x1F100, 0x1F10C),
    (0x1FBF0, 0x1FBF9), (0x20001, 0x20001), (0x20064, 0x20064), (0x200E2, 0x200E2),
    (0x20121, 0x20121), (0x2092A, 0x2092A), (0x20983, 0x20983), (0x2098C, 0x2098C),
    (0x2099C, 0x2099C), (0x20AEA, 0x20AEA), (0x20AFD, 0x20AFD), (0x20B19, 0x20B19),
    (0x22390, 0x22390), (0x22998, 0x22998), (0x23B1B, 0x23B1B), (0x2626D, 0x2626D),
    (0x2F890, 0x2F890),
];

/// `Unicode.Scalar.Properties.isWhitespace` — `Character.isWhitespace` tests the first scalar.
pub static WHITE_SPACE: &[(u32, u32)] = &[
    (0x9, 0xD), (0x20, 0x20), (0x85, 0x85), (0xA0, 0xA0), (0x1680, 0x1680), (0x2000, 0x200A),
    (0x2028, 0x2029), (0x202F, 0x202F), (0x205F, 0x205F), (0x3000, 0x3000),
];

/// `Unicode.Scalar.Properties.isGraphemeExtend`.
pub static GRAPHEME_EXTEND: &[(u32, u32)] = &[
    (0x300, 0x36F), (0x483, 0x489), (0x591, 0x5BD), (0x5BF, 0x5BF), (0x5C1, 0x5C2), (0x5C4, 0x5C5),
    (0x5C7, 0x5C7), (0x610, 0x61A), (0x64B, 0x65F), (0x670, 0x670), (0x6D6, 0x6DC), (0x6DF, 0x6E4),
    (0x6E7, 0x6E8), (0x6EA, 0x6ED), (0x711, 0x711), (0x730, 0x74A), (0x7A6, 0x7B0), (0x7EB, 0x7F3),
    (0x7FD, 0x7FD), (0x816, 0x819), (0x81B, 0x823), (0x825, 0x827), (0x829, 0x82D), (0x859, 0x85B),
    (0x897, 0x89F), (0x8CA, 0x8E1), (0x8E3, 0x902), (0x93A, 0x93A), (0x93C, 0x93C), (0x941, 0x948),
    (0x94D, 0x94D), (0x951, 0x957), (0x962, 0x963), (0x981, 0x981), (0x9BC, 0x9BC), (0x9BE, 0x9BE),
    (0x9C1, 0x9C4), (0x9CD, 0x9CD), (0x9D7, 0x9D7), (0x9E2, 0x9E3), (0x9FE, 0x9FE), (0xA01, 0xA02),
    (0xA3C, 0xA3C), (0xA41, 0xA42), (0xA47, 0xA48), (0xA4B, 0xA4D), (0xA51, 0xA51), (0xA70, 0xA71),
    (0xA75, 0xA75), (0xA81, 0xA82), (0xABC, 0xABC), (0xAC1, 0xAC5), (0xAC7, 0xAC8), (0xACD, 0xACD),
    (0xAE2, 0xAE3), (0xAFA, 0xAFF), (0xB01, 0xB01), (0xB3C, 0xB3C), (0xB3E, 0xB3F), (0xB41, 0xB44),
    (0xB4D, 0xB4D), (0xB55, 0xB57), (0xB62, 0xB63), (0xB82, 0xB82), (0xBBE, 0xBBE), (0xBC0, 0xBC0),
    (0xBCD, 0xBCD), (0xBD7, 0xBD7), (0xC00, 0xC00), (0xC04, 0xC04), (0xC3C, 0xC3C), (0xC3E, 0xC40),
    (0xC46, 0xC48), (0xC4A, 0xC4D), (0xC55, 0xC56), (0xC62, 0xC63), (0xC81, 0xC81), (0xCBC, 0xCBC),
    (0xCBF, 0xCC0), (0xCC2, 0xCC2), (0xCC6, 0xCC8), (0xCCA, 0xCCD), (0xCD5, 0xCD6), (0xCE2, 0xCE3),
    (0xD00, 0xD01), (0xD3B, 0xD3C), (0xD3E, 0xD3E), (0xD41, 0xD44), (0xD4D, 0xD4D), (0xD57, 0xD57),
    (0xD62, 0xD63), (0xD81, 0xD81), (0xDCA, 0xDCA), (0xDCF, 0xDCF), (0xDD2, 0xDD4), (0xDD6, 0xDD6),
    (0xDDF, 0xDDF), (0xE31, 0xE31), (0xE34, 0xE3A), (0xE47, 0xE4E), (0xEB1, 0xEB1), (0xEB4, 0xEBC),
    (0xEC8, 0xECE), (0xF18, 0xF19), (0xF35, 0xF35), (0xF37, 0xF37), (0xF39, 0xF39), (0xF71, 0xF7E),
    (0xF80, 0xF84), (0xF86, 0xF87), (0xF8D, 0xF97), (0xF99, 0xFBC), (0xFC6, 0xFC6),
    (0x102D, 0x1030), (0x1032, 0x1037), (0x1039, 0x103A), (0x103D, 0x103E), (0x1058, 0x1059),
    (0x105E, 0x1060), (0x1071, 0x1074), (0x1082, 0x1082), (0x1085, 0x1086), (0x108D, 0x108D),
    (0x109D, 0x109D), (0x135D, 0x135F), (0x1712, 0x1715), (0x1732, 0x1734), (0x1752, 0x1753),
    (0x1772, 0x1773), (0x17B4, 0x17B5), (0x17B7, 0x17BD), (0x17C6, 0x17C6), (0x17C9, 0x17D3),
    (0x17DD, 0x17DD), (0x180B, 0x180D), (0x180F, 0x180F), (0x1885, 0x1886), (0x18A9, 0x18A9),
    (0x1920, 0x1922), (0x1927, 0x1928), (0x1932, 0x1932), (0x1939, 0x193B), (0x1A17, 0x1A18),
    (0x1A1B, 0x1A1B), (0x1A56, 0x1A56), (0x1A58, 0x1A5E), (0x1A60, 0x1A60), (0x1A62, 0x1A62),
    (0x1A65, 0x1A6C), (0x1A73, 0x1A7C), (0x1A7F, 0x1A7F), (0x1AB0, 0x1ADD), (0x1AE0, 0x1AEB),
    (0x1B00, 0x1B03), (0x1B34, 0x1B3D), (0x1B42, 0x1B44), (0x1B6B, 0x1B73), (0x1B80, 0x1B81),
    (0x1BA2, 0x1BA5), (0x1BA8, 0x1BAD), (0x1BE6, 0x1BE6), (0x1BE8, 0x1BE9), (0x1BED, 0x1BED),
    (0x1BEF, 0x1BF3), (0x1C2C, 0x1C33), (0x1C36, 0x1C37), (0x1CD0, 0x1CD2), (0x1CD4, 0x1CE0),
    (0x1CE2, 0x1CE8), (0x1CED, 0x1CED), (0x1CF4, 0x1CF4), (0x1CF8, 0x1CF9), (0x1DC0, 0x1DFF),
    (0x200C, 0x200C), (0x20D0, 0x20F0), (0x2CEF, 0x2CF1), (0x2D7F, 0x2D7F), (0x2DE0, 0x2DFF),
    (0x302A, 0x302F), (0x3099, 0x309A), (0xA66F, 0xA672), (0xA674, 0xA67D), (0xA69E, 0xA69F),
    (0xA6F0, 0xA6F1), (0xA802, 0xA802), (0xA806, 0xA806), (0xA80B, 0xA80B), (0xA825, 0xA826),
    (0xA82C, 0xA82C), (0xA8C4, 0xA8C5), (0xA8E0, 0xA8F1), (0xA8FF, 0xA8FF), (0xA926, 0xA92D),
    (0xA947, 0xA951), (0xA953, 0xA953), (0xA980, 0xA982), (0xA9B3, 0xA9B3), (0xA9B6, 0xA9B9),
    (0xA9BC, 0xA9BD), (0xA9C0, 0xA9C0), (0xA9E5, 0xA9E5), (0xAA29, 0xAA2E), (0xAA31, 0xAA32),
    (0xAA35, 0xAA36), (0xAA43, 0xAA43), (0xAA4C, 0xAA4C), (0xAA7C, 0xAA7C), (0xAAB0, 0xAAB0),
    (0xAAB2, 0xAAB4), (0xAAB7, 0xAAB8), (0xAABE, 0xAABF), (0xAAC1, 0xAAC1), (0xAAEC, 0xAAED),
    (0xAAF6, 0xAAF6), (0xABE5, 0xABE5), (0xABE8, 0xABE8), (0xABED, 0xABED), (0xF870, 0xF87F),
    (0xF884, 0xF899), (0xF89F, 0xF89F), (0xFB1E, 0xFB1E), (0xFE00, 0xFE0F), (0xFE20, 0xFE2F),
    (0xFF9E, 0xFF9F), (0x101FD, 0x101FD), (0x102E0, 0x102E0), (0x10376, 0x1037A),
    (0x10A01, 0x10A03), (0x10A05, 0x10A06), (0x10A0C, 0x10A0F), (0x10A38, 0x10A3A),
    (0x10A3F, 0x10A3F), (0x10AE5, 0x10AE6), (0x10D24, 0x10D27), (0x10D69, 0x10D6D),
    (0x10EAB, 0x10EAC), (0x10EFA, 0x10EFF), (0x10F46, 0x10F50), (0x10F82, 0x10F85),
    (0x11001, 0x11001), (0x11038, 0x11046), (0x11070, 0x11070), (0x11073, 0x11074),
    (0x1107F, 0x11081), (0x110B3, 0x110B6), (0x110B9, 0x110BA), (0x110C2, 0x110C2),
    (0x11100, 0x11102), (0x11127, 0x1112B), (0x1112D, 0x11134), (0x11173, 0x11173),
    (0x11180, 0x11181), (0x111B6, 0x111BE), (0x111C0, 0x111C0), (0x111C9, 0x111CC),
    (0x111CF, 0x111CF), (0x1122F, 0x11231), (0x11234, 0x11237), (0x1123E, 0x1123E),
    (0x11241, 0x11241), (0x112DF, 0x112DF), (0x112E3, 0x112EA), (0x11300, 0x11301),
    (0x1133B, 0x1133C), (0x1133E, 0x1133E), (0x11340, 0x11340), (0x1134D, 0x1134D),
    (0x11357, 0x11357), (0x11366, 0x1136C), (0x11370, 0x11374), (0x113B8, 0x113B8),
    (0x113BB, 0x113C0), (0x113C2, 0x113C2), (0x113C5, 0x113C5), (0x113C7, 0x113C9),
    (0x113CE, 0x113D0), (0x113D2, 0x113D2), (0x113E1, 0x113E2), (0x11438, 0x1143F),
    (0x11442, 0x11444), (0x11446, 0x11446), (0x1145E, 0x1145E), (0x114B0, 0x114B0),
    (0x114B3, 0x114B8), (0x114BA, 0x114BA), (0x114BD, 0x114BD), (0x114BF, 0x114C0),
    (0x114C2, 0x114C3), (0x115AF, 0x115AF), (0x115B2, 0x115B5), (0x115BC, 0x115BD),
    (0x115BF, 0x115C0), (0x115DC, 0x115DD), (0x11633, 0x1163A), (0x1163D, 0x1163D),
    (0x1163F, 0x11640), (0x116AB, 0x116AB), (0x116AD, 0x116AD), (0x116B0, 0x116B7),
    (0x1171D, 0x1171D), (0x1171F, 0x1171F), (0x11722, 0x11725), (0x11727, 0x1172B),
    (0x1182F, 0x11837), (0x11839, 0x1183A), (0x11930, 0x11930), (0x1193B, 0x1193E),
    (0x11943, 0x11943), (0x119D4, 0x119D7), (0x119DA, 0x119DB), (0x119E0, 0x119E0),
    (0x11A01, 0x11A0A), (0x11A33, 0x11A38), (0x11A3B, 0x11A3E), (0x11A47, 0x11A47),
    (0x11A51, 0x11A56), (0x11A59, 0x11A5B), (0x11A8A, 0x11A96), (0x11A98, 0x11A99),
    (0x11B60, 0x11B60), (0x11B62, 0x11B64), (0x11B66, 0x11B66), (0x11C30, 0x11C36),
    (0x11C38, 0x11C3D), (0x11C3F, 0x11C3F), (0x11C92, 0x11CA7), (0x11CAA, 0x11CB0),
    (0x11CB2, 0x11CB3), (0x11CB5, 0x11CB6), (0x11D31, 0x11D36), (0x11D3A, 0x11D3A),
    (0x11D3C, 0x11D3D), (0x11D3F, 0x11D45), (0x11D47, 0x11D47), (0x11D90, 0x11D91),
    (0x11D95, 0x11D95), (0x11D97, 0x11D97), (0x11EF3, 0x11EF4), (0x11F00, 0x11F01),
    (0x11F36, 0x11F3A), (0x11F40, 0x11F42), (0x11F5A, 0x11F5A), (0x13440, 0x13440),
    (0x13447, 0x13455), (0x1611E, 0x16129), (0x1612D, 0x1612F), (0x16AF0, 0x16AF4),
    (0x16B30, 0x16B36), (0x16F4F, 0x16F4F), (0x16F8F, 0x16F92), (0x16FE4, 0x16FE4),
    (0x16FF0, 0x16FF1), (0x1BC9D, 0x1BC9E), (0x1CF00, 0x1CF2D), (0x1CF30, 0x1CF46),
    (0x1D165, 0x1D169), (0x1D16D, 0x1D172), (0x1D17B, 0x1D182), (0x1D185, 0x1D18B),
    (0x1D1AA, 0x1D1AD), (0x1D242, 0x1D244), (0x1DA00, 0x1DA36), (0x1DA3B, 0x1DA6C),
    (0x1DA75, 0x1DA75), (0x1DA84, 0x1DA84), (0x1DA9B, 0x1DA9F), (0x1DAA1, 0x1DAAF),
    (0x1E000, 0x1E006), (0x1E008, 0x1E018), (0x1E01B, 0x1E021), (0x1E023, 0x1E024),
    (0x1E026, 0x1E02A), (0x1E08F, 0x1E08F), (0x1E130, 0x1E136), (0x1E2AE, 0x1E2AE),
    (0x1E2EC, 0x1E2EF), (0x1E4EC, 0x1E4EF), (0x1E5EE, 0x1E5EF), (0x1E6E3, 0x1E6E3),
    (0x1E6E6, 0x1E6E6), (0x1E6EE, 0x1E6EF), (0x1E6F5, 0x1E6F5), (0x1E8D0, 0x1E8D6),
    (0x1E944, 0x1E94A), (0xE0020, 0xE007F), (0xE0100, 0xE01EF),
];

/// `CharacterSet.whitespaces` membership.
pub static CS_WHITESPACES: &[(u32, u32)] = &[
    (0x9, 0x9), (0x20, 0x20), (0xA0, 0xA0), (0x1680, 0x1680), (0x2000, 0x200B), (0x202F, 0x202F),
    (0x205F, 0x205F), (0x3000, 0x3000),
];

/// `CharacterSet.whitespacesAndNewlines` membership.
pub static CS_WHITESPACES_AND_NEWLINES: &[(u32, u32)] = &[
    (0x9, 0xD), (0x20, 0x20), (0x85, 0x85), (0xA0, 0xA0), (0x1680, 0x1680), (0x2000, 0x200B),
    (0x2028, 0x2029), (0x202F, 0x202F), (0x205F, 0x205F), (0x3000, 0x3000),
];

/// `CharacterSet.newlines` membership.
pub static CS_NEWLINES: &[(u32, u32)] = &[
    (0xA, 0xD), (0x85, 0x85), (0x2028, 0x2029),
];

/// `CharacterSet.alphanumerics` membership.
pub static CS_ALPHANUMERICS: &[(u32, u32)] = &[
    (0x30, 0x39), (0x41, 0x5A), (0x61, 0x7A), (0xAA, 0xAA), (0xB2, 0xB3), (0xB5, 0xB5),
    (0xB9, 0xBA), (0xBC, 0xBE), (0xC0, 0xD6), (0xD8, 0xF6), (0xF8, 0x2C1), (0x2C6, 0x2D1),
    (0x2E0, 0x2E4), (0x2EC, 0x2EC), (0x2EE, 0x2EE), (0x300, 0x374), (0x376, 0x377), (0x37A, 0x37D),
    (0x37F, 0x37F), (0x386, 0x386), (0x388, 0x38A), (0x38C, 0x38C), (0x38E, 0x3A1), (0x3A3, 0x3F5),
    (0x3F7, 0x481), (0x483, 0x52F), (0x531, 0x556), (0x559, 0x559), (0x560, 0x588), (0x591, 0x5BD),
    (0x5BF, 0x5BF), (0x5C1, 0x5C2), (0x5C4, 0x5C5), (0x5C7, 0x5C7), (0x5D0, 0x5EA), (0x5EF, 0x5F2),
    (0x610, 0x61A), (0x620, 0x669), (0x66E, 0x6D3), (0x6D5, 0x6DC), (0x6DF, 0x6E8), (0x6EA, 0x6FC),
    (0x6FF, 0x6FF), (0x710, 0x74A), (0x74D, 0x7B1), (0x7C0, 0x7F5), (0x7FA, 0x7FA), (0x7FD, 0x7FD),
    (0x800, 0x82D), (0x840, 0x85B), (0x860, 0x86A), (0x870, 0x887), (0x889, 0x88F), (0x897, 0x8E1),
    (0x8E3, 0x963), (0x966, 0x96F), (0x971, 0x983), (0x985, 0x98C), (0x98F, 0x990), (0x993, 0x9A8),
    (0x9AA, 0x9B0), (0x9B2, 0x9B2), (0x9B6, 0x9B9), (0x9BC, 0x9C4), (0x9C7, 0x9C8), (0x9CB, 0x9CE),
    (0x9D7, 0x9D7), (0x9DC, 0x9DD), (0x9DF, 0x9E3), (0x9E6, 0x9F1), (0x9F4, 0x9F9), (0x9FC, 0x9FC),
    (0x9FE, 0x9FE), (0xA01, 0xA03), (0xA05, 0xA0A), (0xA0F, 0xA10), (0xA13, 0xA28), (0xA2A, 0xA30),
    (0xA32, 0xA33), (0xA35, 0xA36), (0xA38, 0xA39), (0xA3C, 0xA3C), (0xA3E, 0xA42), (0xA47, 0xA48),
    (0xA4B, 0xA4D), (0xA51, 0xA51), (0xA59, 0xA5C), (0xA5E, 0xA5E), (0xA66, 0xA75), (0xA81, 0xA83),
    (0xA85, 0xA8D), (0xA8F, 0xA91), (0xA93, 0xAA8), (0xAAA, 0xAB0), (0xAB2, 0xAB3), (0xAB5, 0xAB9),
    (0xABC, 0xAC5), (0xAC7, 0xAC9), (0xACB, 0xACD), (0xAD0, 0xAD0), (0xAE0, 0xAE3), (0xAE6, 0xAEF),
    (0xAF9, 0xAFF), (0xB01, 0xB03), (0xB05, 0xB0C), (0xB0F, 0xB10), (0xB13, 0xB28), (0xB2A, 0xB30),
    (0xB32, 0xB33), (0xB35, 0xB39), (0xB3C, 0xB44), (0xB47, 0xB48), (0xB4B, 0xB4D), (0xB55, 0xB57),
    (0xB5C, 0xB5D), (0xB5F, 0xB63), (0xB66, 0xB6F), (0xB71, 0xB77), (0xB82, 0xB83), (0xB85, 0xB8A),
    (0xB8E, 0xB90), (0xB92, 0xB95), (0xB99, 0xB9A), (0xB9C, 0xB9C), (0xB9E, 0xB9F), (0xBA3, 0xBA4),
    (0xBA8, 0xBAA), (0xBAE, 0xBB9), (0xBBE, 0xBC2), (0xBC6, 0xBC8), (0xBCA, 0xBCD), (0xBD0, 0xBD0),
    (0xBD7, 0xBD7), (0xBE6, 0xBF2), (0xC00, 0xC0C), (0xC0E, 0xC10), (0xC12, 0xC28), (0xC2A, 0xC39),
    (0xC3C, 0xC44), (0xC46, 0xC48), (0xC4A, 0xC4D), (0xC55, 0xC56), (0xC58, 0xC5A), (0xC5C, 0xC5D),
    (0xC60, 0xC63), (0xC66, 0xC6F), (0xC78, 0xC7E), (0xC80, 0xC83), (0xC85, 0xC8C), (0xC8E, 0xC90),
    (0xC92, 0xCA8), (0xCAA, 0xCB3), (0xCB5, 0xCB9), (0xCBC, 0xCC4), (0xCC6, 0xCC8), (0xCCA, 0xCCD),
    (0xCD5, 0xCD6), (0xCDC, 0xCDE), (0xCE0, 0xCE3), (0xCE6, 0xCEF), (0xCF1, 0xCF3), (0xD00, 0xD0C),
    (0xD0E, 0xD10), (0xD12, 0xD44), (0xD46, 0xD48), (0xD4A, 0xD4E), (0xD54, 0xD63), (0xD66, 0xD78),
    (0xD7A, 0xD7F), (0xD81, 0xD83), (0xD85, 0xD96), (0xD9A, 0xDB1), (0xDB3, 0xDBB), (0xDBD, 0xDBD),
    (0xDC0, 0xDC6), (0xDCA, 0xDCA), (0xDCF, 0xDD4), (0xDD6, 0xDD6), (0xDD8, 0xDDF), (0xDE6, 0xDEF),
    (0xDF2, 0xDF3), (0xE01, 0xE3A), (0xE40, 0xE4E), (0xE50, 0xE59), (0xE81, 0xE82), (0xE84, 0xE84),
    (0xE86, 0xE8A), (0xE8C, 0xEA3), (0xEA5, 0xEA5), (0xEA7, 0xEBD), (0xEC0, 0xEC4), (0xEC6, 0xEC6),
    (0xEC8, 0xECE), (0xED0, 0xED9), (0xEDC, 0xEDF), (0xF00, 0xF00), (0xF18, 0xF19), (0xF20, 0xF33),
    (0xF35, 0xF35), (0xF37, 0xF37), (0xF39, 0xF39), (0xF3E, 0xF47), (0xF49, 0xF6C), (0xF71, 0xF84),
    (0xF86, 0xF97), (0xF99, 0xFBC), (0xFC6, 0xFC6), (0x1000, 0x1049), (0x1050, 0x109D),
    (0x10A0, 0x10C5), (0x10C7, 0x10C7), (0x10CD, 0x10CD), (0x10D0, 0x10FA), (0x10FC, 0x1248),
    (0x124A, 0x124D), (0x1250, 0x1256), (0x1258, 0x1258), (0x125A, 0x125D), (0x1260, 0x1288),
    (0x128A, 0x128D), (0x1290, 0x12B0), (0x12B2, 0x12B5), (0x12B8, 0x12BE), (0x12C0, 0x12C0),
    (0x12C2, 0x12C5), (0x12C8, 0x12D6), (0x12D8, 0x1310), (0x1312, 0x1315), (0x1318, 0x135A),
    (0x135D, 0x135F), (0x1369, 0x137C), (0x1380, 0x138F), (0x13A0, 0x13F5), (0x13F8, 0x13FD),
    (0x1401, 0x166C), (0x166F, 0x167F), (0x1681, 0x169A), (0x16A0, 0x16EA), (0x16EE, 0x16F8),
    (0x1700, 0x1715), (0x171F, 0x1734), (0x1740, 0x1753), (0x1760, 0x176C), (0x176E, 0x1770),
    (0x1772, 0x1773), (0x1780, 0x17D3), (0x17D7, 0x17D7), (0x17DC, 0x17DD), (0x17E0, 0x17E9),
    (0x17F0, 0x17F9), (0x180B, 0x180D), (0x180F, 0x1819), (0x1820, 0x1878), (0x1880, 0x18AA),
    (0x18B0, 0x18F5), (0x1900, 0x191E), (0x1920, 0x192B), (0x1930, 0x193B), (0x1946, 0x196D),
    (0x1970, 0x1974), (0x1980, 0x19AB), (0x19B0, 0x19C9), (0x19D0, 0x19DA), (0x1A00, 0x1A1B),
    (0x1A20, 0x1A5E), (0x1A60, 0x1A7C), (0x1A7F, 0x1A89), (0x1A90, 0x1A99), (0x1AA7, 0x1AA7),
    (0x1AB0, 0x1ADD), (0x1AE0, 0x1AEB), (0x1B00, 0x1B4C), (0x1B50, 0x1B59), (0x1B6B, 0x1B73),
    (0x1B80, 0x1BF3), (0x1C00, 0x1C37), (0x1C40, 0x1C49), (0x1C4D, 0x1C7D), (0x1C80, 0x1C8A),
    (0x1C90, 0x1CBA), (0x1CBD, 0x1CBF), (0x1CD0, 0x1CD2), (0x1CD4, 0x1CFA), (0x1D00, 0x1F15),
    (0x1F18, 0x1F1D), (0x1F20, 0x1F45), (0x1F48, 0x1F4D), (0x1F50, 0x1F57), (0x1F59, 0x1F59),
    (0x1F5B, 0x1F5B), (0x1F5D, 0x1F5D), (0x1F5F, 0x1F7D), (0x1F80, 0x1FB4), (0x1FB6, 0x1FBC),
    (0x1FBE, 0x1FBE), (0x1FC2, 0x1FC4), (0x1FC6, 0x1FCC), (0x1FD0, 0x1FD3), (0x1FD6, 0x1FDB),
    (0x1FE0, 0x1FEC), (0x1FF2, 0x1FF4), (0x1FF6, 0x1FFC), (0x2070, 0x2071), (0x2074, 0x2079),
    (0x207F, 0x2089), (0x2090, 0x209C), (0x20D0, 0x20F0), (0x2102, 0x2102), (0x2107, 0x2107),
    (0x210A, 0x2113), (0x2115, 0x2115), (0x2119, 0x211D), (0x2124, 0x2124), (0x2126, 0x2126),
    (0x2128, 0x2128), (0x212A, 0x212D), (0x212F, 0x2139), (0x213C, 0x213F), (0x2145, 0x2149),
    (0x214E, 0x214E), (0x2150, 0x2189), (0x2460, 0x249B), (0x24EA, 0x24FF), (0x2776, 0x2793),
    (0x2C00, 0x2CE4), (0x2CEB, 0x2CF3), (0x2CFD, 0x2CFD), (0x2D00, 0x2D25), (0x2D27, 0x2D27),
    (0x2D2D, 0x2D2D), (0x2D30, 0x2D67), (0x2D6F, 0x2D6F), (0x2D7F, 0x2D96), (0x2DA0, 0x2DA6),
    (0x2DA8, 0x2DAE), (0x2DB0, 0x2DB6), (0x2DB8, 0x2DBE), (0x2DC0, 0x2DC6), (0x2DC8, 0x2DCE),
    (0x2DD0, 0x2DD6), (0x2DD8, 0x2DDE), (0x2DE0, 0x2DFF), (0x2E2F, 0x2E2F), (0x3005, 0x3007),
    (0x3021, 0x302F), (0x3031, 0x3035), (0x3038, 0x303C), (0x3041, 0x3096), (0x3099, 0x309A),
    (0x309D, 0x309F), (0x30A1, 0x30FA), (0x30FC, 0x30FF), (0x3105, 0x312F), (0x3131, 0x318E),
    (0x3192, 0x3195), (0x31A0, 0x31BF), (0x31F0, 0x31FF), (0x3220, 0x3229), (0x3248, 0x324F),
    (0x3251, 0x325F), (0x3280, 0x3289), (0x32B1, 0x32BF), (0x3400, 0x4DBF), (0x4E00, 0xA48C),
    (0xA4D0, 0xA4FD), (0xA500, 0xA60C), (0xA610, 0xA62B), (0xA640, 0xA672), (0xA674, 0xA67D),
    (0xA67F, 0xA6F1), (0xA717, 0xA71F), (0xA722, 0xA788), (0xA78B, 0xA7DC), (0xA7F1, 0xA827),
    (0xA82C, 0xA82C), (0xA830, 0xA835), (0xA840, 0xA873), (0xA880, 0xA8C5), (0xA8D0, 0xA8D9),
    (0xA8E0, 0xA8F7), (0xA8FB, 0xA8FB), (0xA8FD, 0xA92D), (0xA930, 0xA953), (0xA960, 0xA97C),
    (0xA980, 0xA9C0), (0xA9CF, 0xA9D9), (0xA9E0, 0xA9FE), (0xAA00, 0xAA36), (0xAA40, 0xAA4D),
    (0xAA50, 0xAA59), (0xAA60, 0xAA76), (0xAA7A, 0xAAC2), (0xAADB, 0xAADD), (0xAAE0, 0xAAEF),
    (0xAAF2, 0xAAF6), (0xAB01, 0xAB06), (0xAB09, 0xAB0E), (0xAB11, 0xAB16), (0xAB20, 0xAB26),
    (0xAB28, 0xAB2E), (0xAB30, 0xAB5A), (0xAB5C, 0xAB69), (0xAB70, 0xABEA), (0xABEC, 0xABED),
    (0xABF0, 0xABF9), (0xAC00, 0xD7A3), (0xD7B0, 0xD7C6), (0xD7CB, 0xD7FB), (0xF900, 0xFA6D),
    (0xFA70, 0xFAD9), (0xFB00, 0xFB06), (0xFB13, 0xFB17), (0xFB1D, 0xFB28), (0xFB2A, 0xFB36),
    (0xFB38, 0xFB3C), (0xFB3E, 0xFB3E), (0xFB40, 0xFB41), (0xFB43, 0xFB44), (0xFB46, 0xFBB1),
    (0xFBD3, 0xFD3D), (0xFD50, 0xFD8F), (0xFD92, 0xFDC7), (0xFDF0, 0xFDFB), (0xFE00, 0xFE0F),
    (0xFE20, 0xFE2F), (0xFE70, 0xFE74), (0xFE76, 0xFEFC), (0xFF10, 0xFF19), (0xFF21, 0xFF3A),
    (0xFF41, 0xFF5A), (0xFF66, 0xFFBE), (0xFFC2, 0xFFC7), (0xFFCA, 0xFFCF), (0xFFD2, 0xFFD7),
    (0xFFDA, 0xFFDC), (0x10000, 0x1000B), (0x1000D, 0x10026), (0x10028, 0x1003A),
    (0x1003C, 0x1003D), (0x1003F, 0x1004D), (0x10050, 0x1005D), (0x10080, 0x100FA),
    (0x10107, 0x10133), (0x10140, 0x10178), (0x1018A, 0x1018B), (0x101FD, 0x101FD),
    (0x10280, 0x1029C), (0x102A0, 0x102D0), (0x102E0, 0x102FB), (0x10300, 0x10323),
    (0x1032D, 0x1034A), (0x10350, 0x1037A), (0x10380, 0x1039D), (0x103A0, 0x103C3),
    (0x103C8, 0x103CF), (0x103D1, 0x103D5), (0x10400, 0x1049D), (0x104A0, 0x104A9),
    (0x104B0, 0x104D3), (0x104D8, 0x104FB), (0x10500, 0x10527), (0x10530, 0x10563),
    (0x10570, 0x1057A), (0x1057C, 0x1058A), (0x1058C, 0x10592), (0x10594, 0x10595),
    (0x10597, 0x105A1), (0x105A3, 0x105B1), (0x105B3, 0x105B9), (0x105BB, 0x105BC),
    (0x10600, 0x10736), (0x10740, 0x10755), (0x10760, 0x10767), (0x10780, 0x10785),
    (0x10787, 0x107B0), (0x107B2, 0x107BA), (0x10800, 0x10805), (0x10808, 0x10808),
    (0x1080A, 0x10835), (0x10837, 0x10838), (0x1083C, 0x1083C), (0x1083F, 0x10855),
    (0x10858, 0x10876), (0x10879, 0x1089E), (0x108A7, 0x108AF), (0x108E0, 0x108F2),
    (0x108F4, 0x108F5), (0x108FB, 0x1091B), (0x10920, 0x10939), (0x10940, 0x10959),
    (0x10980, 0x109B7), (0x109BC, 0x109CF), (0x109D2, 0x10A03), (0x10A05, 0x10A06),
    (0x10A0C, 0x10A13), (0x10A15, 0x10A17), (0x10A19, 0x10A35), (0x10A38, 0x10A3A),
    (0x10A3F, 0x10A48), (0x10A60, 0x10A7E), (0x10A80, 0x10A9F), (0x10AC0, 0x10AC7),
    (0x10AC9, 0x10AE6), (0x10AEB, 0x10AEF), (0x10B00, 0x10B35), (0x10B40, 0x10B55),
    (0x10B58, 0x10B72), (0x10B78, 0x10B91), (0x10BA9, 0x10BAF), (0x10C00, 0x10C48),
    (0x10C80, 0x10CB2), (0x10CC0, 0x10CF2), (0x10CFA, 0x10D27), (0x10D30, 0x10D39),
    (0x10D40, 0x10D65), (0x10D69, 0x10D6D), (0x10D6F, 0x10D85), (0x10E60, 0x10E7E),
    (0x10E80, 0x10EA9), (0x10EAB, 0x10EAC), (0x10EB0, 0x10EB1), (0x10EC2, 0x10EC7),
    (0x10EFA, 0x10F27), (0x10F30, 0x10F54), (0x10F70, 0x10F85), (0x10FB0, 0x10FCB),
    (0x10FE0, 0x10FF6), (0x11000, 0x11046), (0x11052, 0x11075), (0x1107F, 0x110BA),
    (0x110C2, 0x110C2), (0x110D0, 0x110E8), (0x110F0, 0x110F9), (0x11100, 0x11134),
    (0x11136, 0x1113F), (0x11144, 0x11147), (0x11150, 0x11173), (0x11176, 0x11176),
    (0x11180, 0x111C4), (0x111C9, 0x111CC), (0x111CE, 0x111DA), (0x111DC, 0x111DC),
    (0x111E1, 0x111F4), (0x11200, 0x11211), (0x11213, 0x11237), (0x1123E, 0x11241),
    (0x11280, 0x11286), (0x11288, 0x11288), (0x1128A, 0x1128D), (0x1128F, 0x1129D),
    (0x1129F, 0x112A8), (0x112B0, 0x112EA), (0x112F0, 0x112F9), (0x11300, 0x11303),
    (0x11305, 0x1130C), (0x1130F, 0x11310), (0x11313, 0x11328), (0x1132A, 0x11330),
    (0x11332, 0x11333), (0x11335, 0x11339), (0x1133B, 0x11344), (0x11347, 0x11348),
    (0x1134B, 0x1134D), (0x11350, 0x11350), (0x11357, 0x11357), (0x1135D, 0x11363),
    (0x11366, 0x1136C), (0x11370, 0x11374), (0x11380, 0x11389), (0x1138B, 0x1138B),
    (0x1138E, 0x1138E), (0x11390, 0x113B5), (0x113B7, 0x113C0), (0x113C2, 0x113C2),
    (0x113C5, 0x113C5), (0x113C7, 0x113CA), (0x113CC, 0x113D3), (0x113E1, 0x113E2),
    (0x11400, 0x1144A), (0x11450, 0x11459), (0x1145E, 0x11461), (0x11480, 0x114C5),
    (0x114C7, 0x114C7), (0x114D0, 0x114D9), (0x11580, 0x115B5), (0x115B8, 0x115C0),
    (0x115D8, 0x115DD), (0x11600, 0x11640), (0x11644, 0x11644), (0x11650, 0x11659),
    (0x11680, 0x116B8), (0x116C0, 0x116C9), (0x116D0, 0x116E3), (0x11700, 0x1171A),
    (0x1171D, 0x1172B), (0x11730, 0x1173B), (0x11740, 0x11746), (0x11800, 0x1183A),
    (0x118A0, 0x118F2), (0x118FF, 0x11906), (0x11909, 0x11909), (0x1190C, 0x11913),
    (0x11915, 0x11916), (0x11918, 0x11935), (0x11937, 0x11938), (0x1193B, 0x11943),
    (0x11950, 0x11959), (0x119A0, 0x119A7), (0x119AA, 0x119D7), (0x119DA, 0x119E1),
    (0x119E3, 0x119E4), (0x11A00, 0x11A3E), (0x11A47, 0x11A47), (0x11A50, 0x11A99),
    (0x11A9D, 0x11A9D), (0x11AB0, 0x11AF8), (0x11B60, 0x11B67), (0x11BC0, 0x11BE0),
    (0x11BF0, 0x11BF9), (0x11C00, 0x11C08), (0x11C0A, 0x11C36), (0x11C38, 0x11C40),
    (0x11C50, 0x11C6C), (0x11C72, 0x11C8F), (0x11C92, 0x11CA7), (0x11CA9, 0x11CB6),
    (0x11D00, 0x11D06), (0x11D08, 0x11D09), (0x11D0B, 0x11D36), (0x11D3A, 0x11D3A),
    (0x11D3C, 0x11D3D), (0x11D3F, 0x11D47), (0x11D50, 0x11D59), (0x11D60, 0x11D65),
    (0x11D67, 0x11D68), (0x11D6A, 0x11D8E), (0x11D90, 0x11D91), (0x11D93, 0x11D98),
    (0x11DA0, 0x11DA9), (0x11DB0, 0x11DDB), (0x11DE0, 0x11DE9), (0x11EE0, 0x11EF6),
    (0x11F00, 0x11F10), (0x11F12, 0x11F3A), (0x11F3E, 0x11F42), (0x11F50, 0x11F5A),
    (0x11FB0, 0x11FB0), (0x11FC0, 0x11FD4), (0x12000, 0x12399), (0x12400, 0x1246E),
    (0x12480, 0x12543), (0x12F90, 0x12FF0), (0x13000, 0x1342F), (0x13440, 0x13455),
    (0x13460, 0x143FA), (0x14400, 0x14646), (0x16100, 0x16139), (0x16800, 0x16A38),
    (0x16A40, 0x16A5E), (0x16A60, 0x16A69), (0x16A70, 0x16ABE), (0x16AC0, 0x16AC9),
    (0x16AD0, 0x16AED), (0x16AF0, 0x16AF4), (0x16B00, 0x16B36), (0x16B40, 0x16B43),
    (0x16B50, 0x16B59), (0x16B5B, 0x16B61), (0x16B63, 0x16B77), (0x16B7D, 0x16B8F),
    (0x16D40, 0x16D6C), (0x16D70, 0x16D79), (0x16E40, 0x16E96), (0x16EA0, 0x16EB8),
    (0x16EBB, 0x16ED3), (0x16F00, 0x16F4A), (0x16F4F, 0x16F87), (0x16F8F, 0x16F9F),
    (0x16FE0, 0x16FE1), (0x16FE3, 0x16FE4), (0x16FF0, 0x16FF6), (0x18800, 0x18CD5),
    (0x18CFF, 0x18CFF), (0x18D80, 0x18DF2), (0x1AFF0, 0x1AFF3), (0x1AFF5, 0x1AFFB),
    (0x1AFFD, 0x1AFFE), (0x1B000, 0x1B122), (0x1B132, 0x1B132), (0x1B150, 0x1B152),
    (0x1B155, 0x1B155), (0x1B164, 0x1B167), (0x1B170, 0x1B2FB), (0x1BC00, 0x1BC6A),
    (0x1BC70, 0x1BC7C), (0x1BC80, 0x1BC88), (0x1BC90, 0x1BC99), (0x1BC9D, 0x1BC9E),
    (0x1CCF0, 0x1CCF9), (0x1CF00, 0x1CF2D), (0x1CF30, 0x1CF46), (0x1D165, 0x1D169),
    (0x1D16D, 0x1D172), (0x1D17B, 0x1D182), (0x1D185, 0x1D18B), (0x1D1AA, 0x1D1AD),
    (0x1D242, 0x1D244), (0x1D2C0, 0x1D2D3), (0x1D2E0, 0x1D2F3), (0x1D360, 0x1D378),
    (0x1D400, 0x1D454), (0x1D456, 0x1D49C), (0x1D49E, 0x1D49F), (0x1D4A2, 0x1D4A2),
    (0x1D4A5, 0x1D4A6), (0x1D4A9, 0x1D4AC), (0x1D4AE, 0x1D4B9), (0x1D4BB, 0x1D4BB),
    (0x1D4BD, 0x1D4C3), (0x1D4C5, 0x1D505), (0x1D507, 0x1D50A), (0x1D50D, 0x1D514),
    (0x1D516, 0x1D51C), (0x1D51E, 0x1D539), (0x1D53B, 0x1D53E), (0x1D540, 0x1D544),
    (0x1D546, 0x1D546), (0x1D54A, 0x1D550), (0x1D552, 0x1D6A5), (0x1D6A8, 0x1D6C0),
    (0x1D6C2, 0x1D6DA), (0x1D6DC, 0x1D6FA), (0x1D6FC, 0x1D714), (0x1D716, 0x1D734),
    (0x1D736, 0x1D74E), (0x1D750, 0x1D76E), (0x1D770, 0x1D788), (0x1D78A, 0x1D7A8),
    (0x1D7AA, 0x1D7C2), (0x1D7C4, 0x1D7CB), (0x1D7CE, 0x1D7FF), (0x1DA00, 0x1DA36),
    (0x1DA3B, 0x1DA6C), (0x1DA75, 0x1DA75), (0x1DA84, 0x1DA84), (0x1DA9B, 0x1DA9F),
    (0x1DAA1, 0x1DAAF), (0x1DF00, 0x1DF1E), (0x1DF25, 0x1DF2A), (0x1E000, 0x1E006),
    (0x1E008, 0x1E018), (0x1E01B, 0x1E021), (0x1E023, 0x1E024), (0x1E026, 0x1E02A),
    (0x1E030, 0x1E06D), (0x1E08F, 0x1E08F), (0x1E100, 0x1E12C), (0x1E130, 0x1E13D),
    (0x1E140, 0x1E149), (0x1E14E, 0x1E14E), (0x1E290, 0x1E2AE), (0x1E2C0, 0x1E2F9),
    (0x1E4D0, 0x1E4F9), (0x1E5D0, 0x1E5FA), (0x1E6C0, 0x1E6DE), (0x1E6E0, 0x1E6F5),
    (0x1E6FE, 0x1E6FF), (0x1E7E0, 0x1E7E6), (0x1E7E8, 0x1E7EB), (0x1E7ED, 0x1E7EE),
    (0x1E7F0, 0x1E7FE), (0x1E800, 0x1E8C4), (0x1E8C7, 0x1E8D6), (0x1E900, 0x1E94B),
    (0x1E950, 0x1E959), (0x1EC71, 0x1ECAB), (0x1ECAD, 0x1ECAF), (0x1ECB1, 0x1ECB4),
    (0x1ED01, 0x1ED2D), (0x1ED2F, 0x1ED3D), (0x1EE00, 0x1EE03), (0x1EE05, 0x1EE1F),
    (0x1EE21, 0x1EE22), (0x1EE24, 0x1EE24), (0x1EE27, 0x1EE27), (0x1EE29, 0x1EE32),
    (0x1EE34, 0x1EE37), (0x1EE39, 0x1EE39), (0x1EE3B, 0x1EE3B), (0x1EE42, 0x1EE42),
    (0x1EE47, 0x1EE47), (0x1EE49, 0x1EE49), (0x1EE4B, 0x1EE4B), (0x1EE4D, 0x1EE4F),
    (0x1EE51, 0x1EE52), (0x1EE54, 0x1EE54), (0x1EE57, 0x1EE57), (0x1EE59, 0x1EE59),
    (0x1EE5B, 0x1EE5B), (0x1EE5D, 0x1EE5D), (0x1EE5F, 0x1EE5F), (0x1EE61, 0x1EE62),
    (0x1EE64, 0x1EE64), (0x1EE67, 0x1EE6A), (0x1EE6C, 0x1EE72), (0x1EE74, 0x1EE77),
    (0x1EE79, 0x1EE7C), (0x1EE7E, 0x1EE7E), (0x1EE80, 0x1EE89), (0x1EE8B, 0x1EE9B),
    (0x1EEA1, 0x1EEA3), (0x1EEA5, 0x1EEA9), (0x1EEAB, 0x1EEBB), (0x1F100, 0x1F10C),
    (0x1FBF0, 0x1FBF9), (0x20000, 0x2A6DF), (0x2A700, 0x2B81D), (0x2B820, 0x2CEAD),
    (0x2CEB0, 0x2EBE0), (0x2EBF0, 0x2EE5D), (0x2F800, 0x2FA1D), (0x30000, 0x3134A),
    (0x31350, 0x33479), (0xE0100, 0xE01EF),
];

/// General category P* — `Character.isPunctuation` tests the first scalar.
pub static PUNCTUATION: &[(u32, u32)] = &[
    (0x21, 0x23), (0x25, 0x2A), (0x2C, 0x2F), (0x3A, 0x3B), (0x3F, 0x40), (0x5B, 0x5D),
    (0x5F, 0x5F), (0x7B, 0x7B), (0x7D, 0x7D), (0xA1, 0xA1), (0xA7, 0xA7), (0xAB, 0xAB),
    (0xB6, 0xB7), (0xBB, 0xBB), (0xBF, 0xBF), (0x37E, 0x37E), (0x387, 0x387), (0x55A, 0x55F),
    (0x589, 0x58A), (0x5BE, 0x5BE), (0x5C0, 0x5C0), (0x5C3, 0x5C3), (0x5C6, 0x5C6), (0x5F3, 0x5F4),
    (0x609, 0x60A), (0x60C, 0x60D), (0x61B, 0x61B), (0x61D, 0x61F), (0x66A, 0x66D), (0x6D4, 0x6D4),
    (0x700, 0x70D), (0x7F7, 0x7F9), (0x830, 0x83E), (0x85E, 0x85E), (0x964, 0x965), (0x970, 0x970),
    (0x9FD, 0x9FD), (0xA76, 0xA76), (0xAF0, 0xAF0), (0xC77, 0xC77), (0xC84, 0xC84), (0xDF4, 0xDF4),
    (0xE4F, 0xE4F), (0xE5A, 0xE5B), (0xF04, 0xF12), (0xF14, 0xF14), (0xF3A, 0xF3D), (0xF85, 0xF85),
    (0xFD0, 0xFD4), (0xFD9, 0xFDA), (0x104A, 0x104F), (0x10FB, 0x10FB), (0x1360, 0x1368),
    (0x1400, 0x1400), (0x166E, 0x166E), (0x169B, 0x169C), (0x16EB, 0x16ED), (0x1735, 0x1736),
    (0x17D4, 0x17D6), (0x17D8, 0x17DA), (0x1800, 0x180A), (0x1944, 0x1945), (0x1A1E, 0x1A1F),
    (0x1AA0, 0x1AA6), (0x1AA8, 0x1AAD), (0x1B4E, 0x1B4F), (0x1B5A, 0x1B60), (0x1B7D, 0x1B7F),
    (0x1BFC, 0x1BFF), (0x1C3B, 0x1C3F), (0x1C7E, 0x1C7F), (0x1CC0, 0x1CC7), (0x1CD3, 0x1CD3),
    (0x2010, 0x2027), (0x2030, 0x2043), (0x2045, 0x2051), (0x2053, 0x205E), (0x207D, 0x207E),
    (0x208D, 0x208E), (0x2308, 0x230B), (0x2329, 0x232A), (0x2768, 0x2775), (0x27C5, 0x27C6),
    (0x27E6, 0x27EF), (0x2983, 0x2998), (0x29D8, 0x29DB), (0x29FC, 0x29FD), (0x2CF9, 0x2CFC),
    (0x2CFE, 0x2CFF), (0x2D70, 0x2D70), (0x2E00, 0x2E2E), (0x2E30, 0x2E4F), (0x2E52, 0x2E5D),
    (0x3001, 0x3003), (0x3008, 0x3011), (0x3014, 0x301F), (0x3030, 0x3030), (0x303D, 0x303D),
    (0x30A0, 0x30A0), (0x30FB, 0x30FB), (0xA4FE, 0xA4FF), (0xA60D, 0xA60F), (0xA673, 0xA673),
    (0xA67E, 0xA67E), (0xA6F2, 0xA6F7), (0xA874, 0xA877), (0xA8CE, 0xA8CF), (0xA8F8, 0xA8FA),
    (0xA8FC, 0xA8FC), (0xA92E, 0xA92F), (0xA95F, 0xA95F), (0xA9C1, 0xA9CD), (0xA9DE, 0xA9DF),
    (0xAA5C, 0xAA5F), (0xAADE, 0xAADF), (0xAAF0, 0xAAF1), (0xABEB, 0xABEB), (0xFD3E, 0xFD3F),
    (0xFE10, 0xFE19), (0xFE30, 0xFE52), (0xFE54, 0xFE61), (0xFE63, 0xFE63), (0xFE68, 0xFE68),
    (0xFE6A, 0xFE6B), (0xFF01, 0xFF03), (0xFF05, 0xFF0A), (0xFF0C, 0xFF0F), (0xFF1A, 0xFF1B),
    (0xFF1F, 0xFF20), (0xFF3B, 0xFF3D), (0xFF3F, 0xFF3F), (0xFF5B, 0xFF5B), (0xFF5D, 0xFF5D),
    (0xFF5F, 0xFF65), (0x10100, 0x10102), (0x1039F, 0x1039F), (0x103D0, 0x103D0),
    (0x1056F, 0x1056F), (0x10857, 0x10857), (0x1091F, 0x1091F), (0x1093F, 0x1093F),
    (0x10A50, 0x10A58), (0x10A7F, 0x10A7F), (0x10AF0, 0x10AF6), (0x10B39, 0x10B3F),
    (0x10B99, 0x10B9C), (0x10D6E, 0x10D6E), (0x10EAD, 0x10EAD), (0x10ED0, 0x10ED0),
    (0x10F55, 0x10F59), (0x10F86, 0x10F89), (0x11047, 0x1104D), (0x110BB, 0x110BC),
    (0x110BE, 0x110C1), (0x11140, 0x11143), (0x11174, 0x11175), (0x111C5, 0x111C8),
    (0x111CD, 0x111CD), (0x111DB, 0x111DB), (0x111DD, 0x111DF), (0x11238, 0x1123D),
    (0x112A9, 0x112A9), (0x113D4, 0x113D5), (0x113D7, 0x113D8), (0x1144B, 0x1144F),
    (0x1145A, 0x1145B), (0x1145D, 0x1145D), (0x114C6, 0x114C6), (0x115C1, 0x115D7),
    (0x11641, 0x11643), (0x11660, 0x1166C), (0x116B9, 0x116B9), (0x1173C, 0x1173E),
    (0x1183B, 0x1183B), (0x11944, 0x11946), (0x119E2, 0x119E2), (0x11A3F, 0x11A46),
    (0x11A9A, 0x11A9C), (0x11A9E, 0x11AA2), (0x11B00, 0x11B09), (0x11BE1, 0x11BE1),
    (0x11C41, 0x11C45), (0x11C70, 0x11C71), (0x11EF7, 0x11EF8), (0x11F43, 0x11F4F),
    (0x11FFF, 0x11FFF), (0x12470, 0x12474), (0x12FF1, 0x12FF2), (0x16A6E, 0x16A6F),
    (0x16AF5, 0x16AF5), (0x16B37, 0x16B3B), (0x16B44, 0x16B44), (0x16D6D, 0x16D6F),
    (0x16E97, 0x16E9A), (0x16FE2, 0x16FE2), (0x1BC9F, 0x1BC9F), (0x1DA87, 0x1DA8B),
    (0x1E5FF, 0x1E5FF), (0x1E95E, 0x1E95F),
];

/// General category S* — `Character.isSymbol` tests the first scalar.
pub static SYMBOL: &[(u32, u32)] = &[
    (0x24, 0x24), (0x2B, 0x2B), (0x3C, 0x3E), (0x5E, 0x5E), (0x60, 0x60), (0x7C, 0x7C),
    (0x7E, 0x7E), (0xA2, 0xA6), (0xA8, 0xA9), (0xAC, 0xAC), (0xAE, 0xB1), (0xB4, 0xB4),
    (0xB8, 0xB8), (0xD7, 0xD7), (0xF7, 0xF7), (0x2C2, 0x2C5), (0x2D2, 0x2DF), (0x2E5, 0x2EB),
    (0x2ED, 0x2ED), (0x2EF, 0x2FF), (0x375, 0x375), (0x384, 0x385), (0x3F6, 0x3F6), (0x482, 0x482),
    (0x58D, 0x58F), (0x606, 0x608), (0x60B, 0x60B), (0x60E, 0x60F), (0x6DE, 0x6DE), (0x6E9, 0x6E9),
    (0x6FD, 0x6FE), (0x7F6, 0x7F6), (0x7FE, 0x7FF), (0x888, 0x888), (0x9F2, 0x9F3), (0x9FA, 0x9FB),
    (0xAF1, 0xAF1), (0xB70, 0xB70), (0xBF3, 0xBFA), (0xC7F, 0xC7F), (0xD4F, 0xD4F), (0xD79, 0xD79),
    (0xE3F, 0xE3F), (0xF01, 0xF03), (0xF13, 0xF13), (0xF15, 0xF17), (0xF1A, 0xF1F), (0xF34, 0xF34),
    (0xF36, 0xF36), (0xF38, 0xF38), (0xFBE, 0xFC5), (0xFC7, 0xFCC), (0xFCE, 0xFCF), (0xFD5, 0xFD8),
    (0x109E, 0x109F), (0x1390, 0x1399), (0x166D, 0x166D), (0x17DB, 0x17DB), (0x1940, 0x1940),
    (0x19DE, 0x19FF), (0x1B61, 0x1B6A), (0x1B74, 0x1B7C), (0x1FBD, 0x1FBD), (0x1FBF, 0x1FC1),
    (0x1FCD, 0x1FCF), (0x1FDD, 0x1FDF), (0x1FED, 0x1FEF), (0x1FFD, 0x1FFE), (0x2044, 0x2044),
    (0x2052, 0x2052), (0x207A, 0x207C), (0x208A, 0x208C), (0x20A0, 0x20C1), (0x2100, 0x2101),
    (0x2103, 0x2106), (0x2108, 0x2109), (0x2114, 0x2114), (0x2116, 0x2118), (0x211E, 0x2123),
    (0x2125, 0x2125), (0x2127, 0x2127), (0x2129, 0x2129), (0x212E, 0x212E), (0x213A, 0x213B),
    (0x2140, 0x2144), (0x214A, 0x214D), (0x214F, 0x214F), (0x218A, 0x218B), (0x2190, 0x2307),
    (0x230C, 0x2328), (0x232B, 0x2429), (0x2440, 0x244A), (0x249C, 0x24E9), (0x2500, 0x2767),
    (0x2794, 0x27C4), (0x27C7, 0x27E5), (0x27F0, 0x2982), (0x2999, 0x29D7), (0x29DC, 0x29FB),
    (0x29FE, 0x2B73), (0x2B76, 0x2BFF), (0x2CE5, 0x2CEA), (0x2E50, 0x2E51), (0x2E80, 0x2E99),
    (0x2E9B, 0x2EF3), (0x2F00, 0x2FD5), (0x2FF0, 0x2FFF), (0x3004, 0x3004), (0x3012, 0x3013),
    (0x3020, 0x3020), (0x3036, 0x3037), (0x303E, 0x303F), (0x309B, 0x309C), (0x3190, 0x3191),
    (0x3196, 0x319F), (0x31C0, 0x31E5), (0x31EF, 0x31EF), (0x3200, 0x321E), (0x322A, 0x3247),
    (0x3250, 0x3250), (0x3260, 0x327F), (0x328A, 0x32B0), (0x32C0, 0x33FF), (0x4DC0, 0x4DFF),
    (0xA490, 0xA4C6), (0xA700, 0xA716), (0xA720, 0xA721), (0xA789, 0xA78A), (0xA828, 0xA82B),
    (0xA836, 0xA839), (0xAA77, 0xAA79), (0xAB5B, 0xAB5B), (0xAB6A, 0xAB6B), (0xFB29, 0xFB29),
    (0xFBB2, 0xFBD2), (0xFD40, 0xFD4F), (0xFD90, 0xFD91), (0xFDC8, 0xFDCF), (0xFDFC, 0xFDFF),
    (0xFE62, 0xFE62), (0xFE64, 0xFE66), (0xFE69, 0xFE69), (0xFF04, 0xFF04), (0xFF0B, 0xFF0B),
    (0xFF1C, 0xFF1E), (0xFF3E, 0xFF3E), (0xFF40, 0xFF40), (0xFF5C, 0xFF5C), (0xFF5E, 0xFF5E),
    (0xFFE0, 0xFFE6), (0xFFE8, 0xFFEE), (0xFFFC, 0xFFFD), (0x10137, 0x1013F), (0x10179, 0x10189),
    (0x1018C, 0x1018E), (0x10190, 0x1019C), (0x101A0, 0x101A0), (0x101D0, 0x101FC),
    (0x10877, 0x10878), (0x10AC8, 0x10AC8), (0x10D8E, 0x10D8F), (0x10ED1, 0x10ED8),
    (0x1173F, 0x1173F), (0x11FD5, 0x11FF1), (0x16B3C, 0x16B3F), (0x16B45, 0x16B45),
    (0x1BC9C, 0x1BC9C), (0x1CC00, 0x1CCEF), (0x1CCFA, 0x1CCFC), (0x1CD00, 0x1CEB3),
    (0x1CEBA, 0x1CED0), (0x1CEE0, 0x1CEF0), (0x1CF50, 0x1CFC3), (0x1D000, 0x1D0F5),
    (0x1D100, 0x1D126), (0x1D129, 0x1D164), (0x1D16A, 0x1D16C), (0x1D183, 0x1D184),
    (0x1D18C, 0x1D1A9), (0x1D1AE, 0x1D1EA), (0x1D200, 0x1D241), (0x1D245, 0x1D245),
    (0x1D300, 0x1D356), (0x1D6C1, 0x1D6C1), (0x1D6DB, 0x1D6DB), (0x1D6FB, 0x1D6FB),
    (0x1D715, 0x1D715), (0x1D735, 0x1D735), (0x1D74F, 0x1D74F), (0x1D76F, 0x1D76F),
    (0x1D789, 0x1D789), (0x1D7A9, 0x1D7A9), (0x1D7C3, 0x1D7C3), (0x1D800, 0x1D9FF),
    (0x1DA37, 0x1DA3A), (0x1DA6D, 0x1DA74), (0x1DA76, 0x1DA83), (0x1DA85, 0x1DA86),
    (0x1E14F, 0x1E14F), (0x1E2FF, 0x1E2FF), (0x1ECAC, 0x1ECAC), (0x1ECB0, 0x1ECB0),
    (0x1ED2E, 0x1ED2E), (0x1EEF0, 0x1EEF1), (0x1F000, 0x1F02B), (0x1F030, 0x1F093),
    (0x1F0A0, 0x1F0AE), (0x1F0B1, 0x1F0BF), (0x1F0C1, 0x1F0CF), (0x1F0D1, 0x1F0F5),
    (0x1F10D, 0x1F1AD), (0x1F1E6, 0x1F202), (0x1F210, 0x1F23B), (0x1F240, 0x1F248),
    (0x1F250, 0x1F251), (0x1F260, 0x1F265), (0x1F300, 0x1F6D8), (0x1F6DC, 0x1F6EC),
    (0x1F6F0, 0x1F6FC), (0x1F700, 0x1F7D9), (0x1F7E0, 0x1F7EB), (0x1F7F0, 0x1F7F0),
    (0x1F800, 0x1F80B), (0x1F810, 0x1F847), (0x1F850, 0x1F859), (0x1F860, 0x1F887),
    (0x1F890, 0x1F8AD), (0x1F8B0, 0x1F8BB), (0x1F8C0, 0x1F8C1), (0x1F8D0, 0x1F8D8),
    (0x1F900, 0x1FA57), (0x1FA60, 0x1FA6D), (0x1FA70, 0x1FA7C), (0x1FA80, 0x1FA8A),
    (0x1FA8E, 0x1FAC6), (0x1FAC8, 0x1FAC8), (0x1FACD, 0x1FADC), (0x1FADF, 0x1FAEA),
    (0x1FAEF, 0x1FAF8), (0x1FB00, 0x1FB92), (0x1FB94, 0x1FBEF), (0x1FBFA, 0x1FBFA),
];

/// `Unicode.Scalar.Properties.isUppercase`.
pub static UPPERCASE: &[(u32, u32)] = &[
    (0x41, 0x5A), (0xC0, 0xD6), (0xD8, 0xDE), (0x100, 0x100), (0x102, 0x102), (0x104, 0x104),
    (0x106, 0x106), (0x108, 0x108), (0x10A, 0x10A), (0x10C, 0x10C), (0x10E, 0x10E), (0x110, 0x110),
    (0x112, 0x112), (0x114, 0x114), (0x116, 0x116), (0x118, 0x118), (0x11A, 0x11A), (0x11C, 0x11C),
    (0x11E, 0x11E), (0x120, 0x120), (0x122, 0x122), (0x124, 0x124), (0x126, 0x126), (0x128, 0x128),
    (0x12A, 0x12A), (0x12C, 0x12C), (0x12E, 0x12E), (0x130, 0x130), (0x132, 0x132), (0x134, 0x134),
    (0x136, 0x136), (0x139, 0x139), (0x13B, 0x13B), (0x13D, 0x13D), (0x13F, 0x13F), (0x141, 0x141),
    (0x143, 0x143), (0x145, 0x145), (0x147, 0x147), (0x14A, 0x14A), (0x14C, 0x14C), (0x14E, 0x14E),
    (0x150, 0x150), (0x152, 0x152), (0x154, 0x154), (0x156, 0x156), (0x158, 0x158), (0x15A, 0x15A),
    (0x15C, 0x15C), (0x15E, 0x15E), (0x160, 0x160), (0x162, 0x162), (0x164, 0x164), (0x166, 0x166),
    (0x168, 0x168), (0x16A, 0x16A), (0x16C, 0x16C), (0x16E, 0x16E), (0x170, 0x170), (0x172, 0x172),
    (0x174, 0x174), (0x176, 0x176), (0x178, 0x179), (0x17B, 0x17B), (0x17D, 0x17D), (0x181, 0x182),
    (0x184, 0x184), (0x186, 0x187), (0x189, 0x18B), (0x18E, 0x191), (0x193, 0x194), (0x196, 0x198),
    (0x19C, 0x19D), (0x19F, 0x1A0), (0x1A2, 0x1A2), (0x1A4, 0x1A4), (0x1A6, 0x1A7), (0x1A9, 0x1A9),
    (0x1AC, 0x1AC), (0x1AE, 0x1AF), (0x1B1, 0x1B3), (0x1B5, 0x1B5), (0x1B7, 0x1B8), (0x1BC, 0x1BC),
    (0x1C4, 0x1C4), (0x1C7, 0x1C7), (0x1CA, 0x1CA), (0x1CD, 0x1CD), (0x1CF, 0x1CF), (0x1D1, 0x1D1),
    (0x1D3, 0x1D3), (0x1D5, 0x1D5), (0x1D7, 0x1D7), (0x1D9, 0x1D9), (0x1DB, 0x1DB), (0x1DE, 0x1DE),
    (0x1E0, 0x1E0), (0x1E2, 0x1E2), (0x1E4, 0x1E4), (0x1E6, 0x1E6), (0x1E8, 0x1E8), (0x1EA, 0x1EA),
    (0x1EC, 0x1EC), (0x1EE, 0x1EE), (0x1F1, 0x1F1), (0x1F4, 0x1F4), (0x1F6, 0x1F8), (0x1FA, 0x1FA),
    (0x1FC, 0x1FC), (0x1FE, 0x1FE), (0x200, 0x200), (0x202, 0x202), (0x204, 0x204), (0x206, 0x206),
    (0x208, 0x208), (0x20A, 0x20A), (0x20C, 0x20C), (0x20E, 0x20E), (0x210, 0x210), (0x212, 0x212),
    (0x214, 0x214), (0x216, 0x216), (0x218, 0x218), (0x21A, 0x21A), (0x21C, 0x21C), (0x21E, 0x21E),
    (0x220, 0x220), (0x222, 0x222), (0x224, 0x224), (0x226, 0x226), (0x228, 0x228), (0x22A, 0x22A),
    (0x22C, 0x22C), (0x22E, 0x22E), (0x230, 0x230), (0x232, 0x232), (0x23A, 0x23B), (0x23D, 0x23E),
    (0x241, 0x241), (0x243, 0x246), (0x248, 0x248), (0x24A, 0x24A), (0x24C, 0x24C), (0x24E, 0x24E),
    (0x370, 0x370), (0x372, 0x372), (0x376, 0x376), (0x37F, 0x37F), (0x386, 0x386), (0x388, 0x38A),
    (0x38C, 0x38C), (0x38E, 0x38F), (0x391, 0x3A1), (0x3A3, 0x3AB), (0x3CF, 0x3CF), (0x3D2, 0x3D4),
    (0x3D8, 0x3D8), (0x3DA, 0x3DA), (0x3DC, 0x3DC), (0x3DE, 0x3DE), (0x3E0, 0x3E0), (0x3E2, 0x3E2),
    (0x3E4, 0x3E4), (0x3E6, 0x3E6), (0x3E8, 0x3E8), (0x3EA, 0x3EA), (0x3EC, 0x3EC), (0x3EE, 0x3EE),
    (0x3F4, 0x3F4), (0x3F7, 0x3F7), (0x3F9, 0x3FA), (0x3FD, 0x42F), (0x460, 0x460), (0x462, 0x462),
    (0x464, 0x464), (0x466, 0x466), (0x468, 0x468), (0x46A, 0x46A), (0x46C, 0x46C), (0x46E, 0x46E),
    (0x470, 0x470), (0x472, 0x472), (0x474, 0x474), (0x476, 0x476), (0x478, 0x478), (0x47A, 0x47A),
    (0x47C, 0x47C), (0x47E, 0x47E), (0x480, 0x480), (0x48A, 0x48A), (0x48C, 0x48C), (0x48E, 0x48E),
    (0x490, 0x490), (0x492, 0x492), (0x494, 0x494), (0x496, 0x496), (0x498, 0x498), (0x49A, 0x49A),
    (0x49C, 0x49C), (0x49E, 0x49E), (0x4A0, 0x4A0), (0x4A2, 0x4A2), (0x4A4, 0x4A4), (0x4A6, 0x4A6),
    (0x4A8, 0x4A8), (0x4AA, 0x4AA), (0x4AC, 0x4AC), (0x4AE, 0x4AE), (0x4B0, 0x4B0), (0x4B2, 0x4B2),
    (0x4B4, 0x4B4), (0x4B6, 0x4B6), (0x4B8, 0x4B8), (0x4BA, 0x4BA), (0x4BC, 0x4BC), (0x4BE, 0x4BE),
    (0x4C0, 0x4C1), (0x4C3, 0x4C3), (0x4C5, 0x4C5), (0x4C7, 0x4C7), (0x4C9, 0x4C9), (0x4CB, 0x4CB),
    (0x4CD, 0x4CD), (0x4D0, 0x4D0), (0x4D2, 0x4D2), (0x4D4, 0x4D4), (0x4D6, 0x4D6), (0x4D8, 0x4D8),
    (0x4DA, 0x4DA), (0x4DC, 0x4DC), (0x4DE, 0x4DE), (0x4E0, 0x4E0), (0x4E2, 0x4E2), (0x4E4, 0x4E4),
    (0x4E6, 0x4E6), (0x4E8, 0x4E8), (0x4EA, 0x4EA), (0x4EC, 0x4EC), (0x4EE, 0x4EE), (0x4F0, 0x4F0),
    (0x4F2, 0x4F2), (0x4F4, 0x4F4), (0x4F6, 0x4F6), (0x4F8, 0x4F8), (0x4FA, 0x4FA), (0x4FC, 0x4FC),
    (0x4FE, 0x4FE), (0x500, 0x500), (0x502, 0x502), (0x504, 0x504), (0x506, 0x506), (0x508, 0x508),
    (0x50A, 0x50A), (0x50C, 0x50C), (0x50E, 0x50E), (0x510, 0x510), (0x512, 0x512), (0x514, 0x514),
    (0x516, 0x516), (0x518, 0x518), (0x51A, 0x51A), (0x51C, 0x51C), (0x51E, 0x51E), (0x520, 0x520),
    (0x522, 0x522), (0x524, 0x524), (0x526, 0x526), (0x528, 0x528), (0x52A, 0x52A), (0x52C, 0x52C),
    (0x52E, 0x52E), (0x531, 0x556), (0x10A0, 0x10C5), (0x10C7, 0x10C7), (0x10CD, 0x10CD),
    (0x13A0, 0x13F5), (0x1C89, 0x1C89), (0x1C90, 0x1CBA), (0x1CBD, 0x1CBF), (0x1E00, 0x1E00),
    (0x1E02, 0x1E02), (0x1E04, 0x1E04), (0x1E06, 0x1E06), (0x1E08, 0x1E08), (0x1E0A, 0x1E0A),
    (0x1E0C, 0x1E0C), (0x1E0E, 0x1E0E), (0x1E10, 0x1E10), (0x1E12, 0x1E12), (0x1E14, 0x1E14),
    (0x1E16, 0x1E16), (0x1E18, 0x1E18), (0x1E1A, 0x1E1A), (0x1E1C, 0x1E1C), (0x1E1E, 0x1E1E),
    (0x1E20, 0x1E20), (0x1E22, 0x1E22), (0x1E24, 0x1E24), (0x1E26, 0x1E26), (0x1E28, 0x1E28),
    (0x1E2A, 0x1E2A), (0x1E2C, 0x1E2C), (0x1E2E, 0x1E2E), (0x1E30, 0x1E30), (0x1E32, 0x1E32),
    (0x1E34, 0x1E34), (0x1E36, 0x1E36), (0x1E38, 0x1E38), (0x1E3A, 0x1E3A), (0x1E3C, 0x1E3C),
    (0x1E3E, 0x1E3E), (0x1E40, 0x1E40), (0x1E42, 0x1E42), (0x1E44, 0x1E44), (0x1E46, 0x1E46),
    (0x1E48, 0x1E48), (0x1E4A, 0x1E4A), (0x1E4C, 0x1E4C), (0x1E4E, 0x1E4E), (0x1E50, 0x1E50),
    (0x1E52, 0x1E52), (0x1E54, 0x1E54), (0x1E56, 0x1E56), (0x1E58, 0x1E58), (0x1E5A, 0x1E5A),
    (0x1E5C, 0x1E5C), (0x1E5E, 0x1E5E), (0x1E60, 0x1E60), (0x1E62, 0x1E62), (0x1E64, 0x1E64),
    (0x1E66, 0x1E66), (0x1E68, 0x1E68), (0x1E6A, 0x1E6A), (0x1E6C, 0x1E6C), (0x1E6E, 0x1E6E),
    (0x1E70, 0x1E70), (0x1E72, 0x1E72), (0x1E74, 0x1E74), (0x1E76, 0x1E76), (0x1E78, 0x1E78),
    (0x1E7A, 0x1E7A), (0x1E7C, 0x1E7C), (0x1E7E, 0x1E7E), (0x1E80, 0x1E80), (0x1E82, 0x1E82),
    (0x1E84, 0x1E84), (0x1E86, 0x1E86), (0x1E88, 0x1E88), (0x1E8A, 0x1E8A), (0x1E8C, 0x1E8C),
    (0x1E8E, 0x1E8E), (0x1E90, 0x1E90), (0x1E92, 0x1E92), (0x1E94, 0x1E94), (0x1E9E, 0x1E9E),
    (0x1EA0, 0x1EA0), (0x1EA2, 0x1EA2), (0x1EA4, 0x1EA4), (0x1EA6, 0x1EA6), (0x1EA8, 0x1EA8),
    (0x1EAA, 0x1EAA), (0x1EAC, 0x1EAC), (0x1EAE, 0x1EAE), (0x1EB0, 0x1EB0), (0x1EB2, 0x1EB2),
    (0x1EB4, 0x1EB4), (0x1EB6, 0x1EB6), (0x1EB8, 0x1EB8), (0x1EBA, 0x1EBA), (0x1EBC, 0x1EBC),
    (0x1EBE, 0x1EBE), (0x1EC0, 0x1EC0), (0x1EC2, 0x1EC2), (0x1EC4, 0x1EC4), (0x1EC6, 0x1EC6),
    (0x1EC8, 0x1EC8), (0x1ECA, 0x1ECA), (0x1ECC, 0x1ECC), (0x1ECE, 0x1ECE), (0x1ED0, 0x1ED0),
    (0x1ED2, 0x1ED2), (0x1ED4, 0x1ED4), (0x1ED6, 0x1ED6), (0x1ED8, 0x1ED8), (0x1EDA, 0x1EDA),
    (0x1EDC, 0x1EDC), (0x1EDE, 0x1EDE), (0x1EE0, 0x1EE0), (0x1EE2, 0x1EE2), (0x1EE4, 0x1EE4),
    (0x1EE6, 0x1EE6), (0x1EE8, 0x1EE8), (0x1EEA, 0x1EEA), (0x1EEC, 0x1EEC), (0x1EEE, 0x1EEE),
    (0x1EF0, 0x1EF0), (0x1EF2, 0x1EF2), (0x1EF4, 0x1EF4), (0x1EF6, 0x1EF6), (0x1EF8, 0x1EF8),
    (0x1EFA, 0x1EFA), (0x1EFC, 0x1EFC), (0x1EFE, 0x1EFE), (0x1F08, 0x1F0F), (0x1F18, 0x1F1D),
    (0x1F28, 0x1F2F), (0x1F38, 0x1F3F), (0x1F48, 0x1F4D), (0x1F59, 0x1F59), (0x1F5B, 0x1F5B),
    (0x1F5D, 0x1F5D), (0x1F5F, 0x1F5F), (0x1F68, 0x1F6F), (0x1FB8, 0x1FBB), (0x1FC8, 0x1FCB),
    (0x1FD8, 0x1FDB), (0x1FE8, 0x1FEC), (0x1FF8, 0x1FFB), (0x2102, 0x2102), (0x2107, 0x2107),
    (0x210B, 0x210D), (0x2110, 0x2112), (0x2115, 0x2115), (0x2119, 0x211D), (0x2124, 0x2124),
    (0x2126, 0x2126), (0x2128, 0x2128), (0x212A, 0x212D), (0x2130, 0x2133), (0x213E, 0x213F),
    (0x2145, 0x2145), (0x2160, 0x216F), (0x2183, 0x2183), (0x24B6, 0x24CF), (0x2C00, 0x2C2F),
    (0x2C60, 0x2C60), (0x2C62, 0x2C64), (0x2C67, 0x2C67), (0x2C69, 0x2C69), (0x2C6B, 0x2C6B),
    (0x2C6D, 0x2C70), (0x2C72, 0x2C72), (0x2C75, 0x2C75), (0x2C7E, 0x2C80), (0x2C82, 0x2C82),
    (0x2C84, 0x2C84), (0x2C86, 0x2C86), (0x2C88, 0x2C88), (0x2C8A, 0x2C8A), (0x2C8C, 0x2C8C),
    (0x2C8E, 0x2C8E), (0x2C90, 0x2C90), (0x2C92, 0x2C92), (0x2C94, 0x2C94), (0x2C96, 0x2C96),
    (0x2C98, 0x2C98), (0x2C9A, 0x2C9A), (0x2C9C, 0x2C9C), (0x2C9E, 0x2C9E), (0x2CA0, 0x2CA0),
    (0x2CA2, 0x2CA2), (0x2CA4, 0x2CA4), (0x2CA6, 0x2CA6), (0x2CA8, 0x2CA8), (0x2CAA, 0x2CAA),
    (0x2CAC, 0x2CAC), (0x2CAE, 0x2CAE), (0x2CB0, 0x2CB0), (0x2CB2, 0x2CB2), (0x2CB4, 0x2CB4),
    (0x2CB6, 0x2CB6), (0x2CB8, 0x2CB8), (0x2CBA, 0x2CBA), (0x2CBC, 0x2CBC), (0x2CBE, 0x2CBE),
    (0x2CC0, 0x2CC0), (0x2CC2, 0x2CC2), (0x2CC4, 0x2CC4), (0x2CC6, 0x2CC6), (0x2CC8, 0x2CC8),
    (0x2CCA, 0x2CCA), (0x2CCC, 0x2CCC), (0x2CCE, 0x2CCE), (0x2CD0, 0x2CD0), (0x2CD2, 0x2CD2),
    (0x2CD4, 0x2CD4), (0x2CD6, 0x2CD6), (0x2CD8, 0x2CD8), (0x2CDA, 0x2CDA), (0x2CDC, 0x2CDC),
    (0x2CDE, 0x2CDE), (0x2CE0, 0x2CE0), (0x2CE2, 0x2CE2), (0x2CEB, 0x2CEB), (0x2CED, 0x2CED),
    (0x2CF2, 0x2CF2), (0xA640, 0xA640), (0xA642, 0xA642), (0xA644, 0xA644), (0xA646, 0xA646),
    (0xA648, 0xA648), (0xA64A, 0xA64A), (0xA64C, 0xA64C), (0xA64E, 0xA64E), (0xA650, 0xA650),
    (0xA652, 0xA652), (0xA654, 0xA654), (0xA656, 0xA656), (0xA658, 0xA658), (0xA65A, 0xA65A),
    (0xA65C, 0xA65C), (0xA65E, 0xA65E), (0xA660, 0xA660), (0xA662, 0xA662), (0xA664, 0xA664),
    (0xA666, 0xA666), (0xA668, 0xA668), (0xA66A, 0xA66A), (0xA66C, 0xA66C), (0xA680, 0xA680),
    (0xA682, 0xA682), (0xA684, 0xA684), (0xA686, 0xA686), (0xA688, 0xA688), (0xA68A, 0xA68A),
    (0xA68C, 0xA68C), (0xA68E, 0xA68E), (0xA690, 0xA690), (0xA692, 0xA692), (0xA694, 0xA694),
    (0xA696, 0xA696), (0xA698, 0xA698), (0xA69A, 0xA69A), (0xA722, 0xA722), (0xA724, 0xA724),
    (0xA726, 0xA726), (0xA728, 0xA728), (0xA72A, 0xA72A), (0xA72C, 0xA72C), (0xA72E, 0xA72E),
    (0xA732, 0xA732), (0xA734, 0xA734), (0xA736, 0xA736), (0xA738, 0xA738), (0xA73A, 0xA73A),
    (0xA73C, 0xA73C), (0xA73E, 0xA73E), (0xA740, 0xA740), (0xA742, 0xA742), (0xA744, 0xA744),
    (0xA746, 0xA746), (0xA748, 0xA748), (0xA74A, 0xA74A), (0xA74C, 0xA74C), (0xA74E, 0xA74E),
    (0xA750, 0xA750), (0xA752, 0xA752), (0xA754, 0xA754), (0xA756, 0xA756), (0xA758, 0xA758),
    (0xA75A, 0xA75A), (0xA75C, 0xA75C), (0xA75E, 0xA75E), (0xA760, 0xA760), (0xA762, 0xA762),
    (0xA764, 0xA764), (0xA766, 0xA766), (0xA768, 0xA768), (0xA76A, 0xA76A), (0xA76C, 0xA76C),
    (0xA76E, 0xA76E), (0xA779, 0xA779), (0xA77B, 0xA77B), (0xA77D, 0xA77E), (0xA780, 0xA780),
    (0xA782, 0xA782), (0xA784, 0xA784), (0xA786, 0xA786), (0xA78B, 0xA78B), (0xA78D, 0xA78D),
    (0xA790, 0xA790), (0xA792, 0xA792), (0xA796, 0xA796), (0xA798, 0xA798), (0xA79A, 0xA79A),
    (0xA79C, 0xA79C), (0xA79E, 0xA79E), (0xA7A0, 0xA7A0), (0xA7A2, 0xA7A2), (0xA7A4, 0xA7A4),
    (0xA7A6, 0xA7A6), (0xA7A8, 0xA7A8), (0xA7AA, 0xA7AE), (0xA7B0, 0xA7B4), (0xA7B6, 0xA7B6),
    (0xA7B8, 0xA7B8), (0xA7BA, 0xA7BA), (0xA7BC, 0xA7BC), (0xA7BE, 0xA7BE), (0xA7C0, 0xA7C0),
    (0xA7C2, 0xA7C2), (0xA7C4, 0xA7C7), (0xA7C9, 0xA7C9), (0xA7CB, 0xA7CC), (0xA7CE, 0xA7CE),
    (0xA7D0, 0xA7D0), (0xA7D2, 0xA7D2), (0xA7D4, 0xA7D4), (0xA7D6, 0xA7D6), (0xA7D8, 0xA7D8),
    (0xA7DA, 0xA7DA), (0xA7DC, 0xA7DC), (0xA7F5, 0xA7F5), (0xFF21, 0xFF3A), (0x10400, 0x10427),
    (0x104B0, 0x104D3), (0x10570, 0x1057A), (0x1057C, 0x1058A), (0x1058C, 0x10592),
    (0x10594, 0x10595), (0x10C80, 0x10CB2), (0x10D50, 0x10D65), (0x118A0, 0x118BF),
    (0x16E40, 0x16E5F), (0x16EA0, 0x16EB8), (0x1D400, 0x1D419), (0x1D434, 0x1D44D),
    (0x1D468, 0x1D481), (0x1D49C, 0x1D49C), (0x1D49E, 0x1D49F), (0x1D4A2, 0x1D4A2),
    (0x1D4A5, 0x1D4A6), (0x1D4A9, 0x1D4AC), (0x1D4AE, 0x1D4B5), (0x1D4D0, 0x1D4E9),
    (0x1D504, 0x1D505), (0x1D507, 0x1D50A), (0x1D50D, 0x1D514), (0x1D516, 0x1D51C),
    (0x1D538, 0x1D539), (0x1D53B, 0x1D53E), (0x1D540, 0x1D544), (0x1D546, 0x1D546),
    (0x1D54A, 0x1D550), (0x1D56C, 0x1D585), (0x1D5A0, 0x1D5B9), (0x1D5D4, 0x1D5ED),
    (0x1D608, 0x1D621), (0x1D63C, 0x1D655), (0x1D670, 0x1D689), (0x1D6A8, 0x1D6C0),
    (0x1D6E2, 0x1D6FA), (0x1D71C, 0x1D734), (0x1D756, 0x1D76E), (0x1D790, 0x1D7A8),
    (0x1D7CA, 0x1D7CA), (0x1E900, 0x1E921), (0x1F130, 0x1F149), (0x1F150, 0x1F169),
    (0x1F170, 0x1F189),
];

/// `Unicode.Scalar.Properties.isLowercase`.
pub static LOWERCASE: &[(u32, u32)] = &[
    (0x61, 0x7A), (0xAA, 0xAA), (0xB5, 0xB5), (0xBA, 0xBA), (0xDF, 0xF6), (0xF8, 0xFF),
    (0x101, 0x101), (0x103, 0x103), (0x105, 0x105), (0x107, 0x107), (0x109, 0x109), (0x10B, 0x10B),
    (0x10D, 0x10D), (0x10F, 0x10F), (0x111, 0x111), (0x113, 0x113), (0x115, 0x115), (0x117, 0x117),
    (0x119, 0x119), (0x11B, 0x11B), (0x11D, 0x11D), (0x11F, 0x11F), (0x121, 0x121), (0x123, 0x123),
    (0x125, 0x125), (0x127, 0x127), (0x129, 0x129), (0x12B, 0x12B), (0x12D, 0x12D), (0x12F, 0x12F),
    (0x131, 0x131), (0x133, 0x133), (0x135, 0x135), (0x137, 0x138), (0x13A, 0x13A), (0x13C, 0x13C),
    (0x13E, 0x13E), (0x140, 0x140), (0x142, 0x142), (0x144, 0x144), (0x146, 0x146), (0x148, 0x149),
    (0x14B, 0x14B), (0x14D, 0x14D), (0x14F, 0x14F), (0x151, 0x151), (0x153, 0x153), (0x155, 0x155),
    (0x157, 0x157), (0x159, 0x159), (0x15B, 0x15B), (0x15D, 0x15D), (0x15F, 0x15F), (0x161, 0x161),
    (0x163, 0x163), (0x165, 0x165), (0x167, 0x167), (0x169, 0x169), (0x16B, 0x16B), (0x16D, 0x16D),
    (0x16F, 0x16F), (0x171, 0x171), (0x173, 0x173), (0x175, 0x175), (0x177, 0x177), (0x17A, 0x17A),
    (0x17C, 0x17C), (0x17E, 0x180), (0x183, 0x183), (0x185, 0x185), (0x188, 0x188), (0x18C, 0x18D),
    (0x192, 0x192), (0x195, 0x195), (0x199, 0x19B), (0x19E, 0x19E), (0x1A1, 0x1A1), (0x1A3, 0x1A3),
    (0x1A5, 0x1A5), (0x1A8, 0x1A8), (0x1AA, 0x1AB), (0x1AD, 0x1AD), (0x1B0, 0x1B0), (0x1B4, 0x1B4),
    (0x1B6, 0x1B6), (0x1B9, 0x1BA), (0x1BD, 0x1BF), (0x1C6, 0x1C6), (0x1C9, 0x1C9), (0x1CC, 0x1CC),
    (0x1CE, 0x1CE), (0x1D0, 0x1D0), (0x1D2, 0x1D2), (0x1D4, 0x1D4), (0x1D6, 0x1D6), (0x1D8, 0x1D8),
    (0x1DA, 0x1DA), (0x1DC, 0x1DD), (0x1DF, 0x1DF), (0x1E1, 0x1E1), (0x1E3, 0x1E3), (0x1E5, 0x1E5),
    (0x1E7, 0x1E7), (0x1E9, 0x1E9), (0x1EB, 0x1EB), (0x1ED, 0x1ED), (0x1EF, 0x1F0), (0x1F3, 0x1F3),
    (0x1F5, 0x1F5), (0x1F9, 0x1F9), (0x1FB, 0x1FB), (0x1FD, 0x1FD), (0x1FF, 0x1FF), (0x201, 0x201),
    (0x203, 0x203), (0x205, 0x205), (0x207, 0x207), (0x209, 0x209), (0x20B, 0x20B), (0x20D, 0x20D),
    (0x20F, 0x20F), (0x211, 0x211), (0x213, 0x213), (0x215, 0x215), (0x217, 0x217), (0x219, 0x219),
    (0x21B, 0x21B), (0x21D, 0x21D), (0x21F, 0x21F), (0x221, 0x221), (0x223, 0x223), (0x225, 0x225),
    (0x227, 0x227), (0x229, 0x229), (0x22B, 0x22B), (0x22D, 0x22D), (0x22F, 0x22F), (0x231, 0x231),
    (0x233, 0x239), (0x23C, 0x23C), (0x23F, 0x240), (0x242, 0x242), (0x247, 0x247), (0x249, 0x249),
    (0x24B, 0x24B), (0x24D, 0x24D), (0x24F, 0x293), (0x296, 0x2B8), (0x2C0, 0x2C1), (0x2E0, 0x2E4),
    (0x345, 0x345), (0x371, 0x371), (0x373, 0x373), (0x377, 0x377), (0x37A, 0x37D), (0x390, 0x390),
    (0x3AC, 0x3CE), (0x3D0, 0x3D1), (0x3D5, 0x3D7), (0x3D9, 0x3D9), (0x3DB, 0x3DB), (0x3DD, 0x3DD),
    (0x3DF, 0x3DF), (0x3E1, 0x3E1), (0x3E3, 0x3E3), (0x3E5, 0x3E5), (0x3E7, 0x3E7), (0x3E9, 0x3E9),
    (0x3EB, 0x3EB), (0x3ED, 0x3ED), (0x3EF, 0x3F3), (0x3F5, 0x3F5), (0x3F8, 0x3F8), (0x3FB, 0x3FC),
    (0x430, 0x45F), (0x461, 0x461), (0x463, 0x463), (0x465, 0x465), (0x467, 0x467), (0x469, 0x469),
    (0x46B, 0x46B), (0x46D, 0x46D), (0x46F, 0x46F), (0x471, 0x471), (0x473, 0x473), (0x475, 0x475),
    (0x477, 0x477), (0x479, 0x479), (0x47B, 0x47B), (0x47D, 0x47D), (0x47F, 0x47F), (0x481, 0x481),
    (0x48B, 0x48B), (0x48D, 0x48D), (0x48F, 0x48F), (0x491, 0x491), (0x493, 0x493), (0x495, 0x495),
    (0x497, 0x497), (0x499, 0x499), (0x49B, 0x49B), (0x49D, 0x49D), (0x49F, 0x49F), (0x4A1, 0x4A1),
    (0x4A3, 0x4A3), (0x4A5, 0x4A5), (0x4A7, 0x4A7), (0x4A9, 0x4A9), (0x4AB, 0x4AB), (0x4AD, 0x4AD),
    (0x4AF, 0x4AF), (0x4B1, 0x4B1), (0x4B3, 0x4B3), (0x4B5, 0x4B5), (0x4B7, 0x4B7), (0x4B9, 0x4B9),
    (0x4BB, 0x4BB), (0x4BD, 0x4BD), (0x4BF, 0x4BF), (0x4C2, 0x4C2), (0x4C4, 0x4C4), (0x4C6, 0x4C6),
    (0x4C8, 0x4C8), (0x4CA, 0x4CA), (0x4CC, 0x4CC), (0x4CE, 0x4CF), (0x4D1, 0x4D1), (0x4D3, 0x4D3),
    (0x4D5, 0x4D5), (0x4D7, 0x4D7), (0x4D9, 0x4D9), (0x4DB, 0x4DB), (0x4DD, 0x4DD), (0x4DF, 0x4DF),
    (0x4E1, 0x4E1), (0x4E3, 0x4E3), (0x4E5, 0x4E5), (0x4E7, 0x4E7), (0x4E9, 0x4E9), (0x4EB, 0x4EB),
    (0x4ED, 0x4ED), (0x4EF, 0x4EF), (0x4F1, 0x4F1), (0x4F3, 0x4F3), (0x4F5, 0x4F5), (0x4F7, 0x4F7),
    (0x4F9, 0x4F9), (0x4FB, 0x4FB), (0x4FD, 0x4FD), (0x4FF, 0x4FF), (0x501, 0x501), (0x503, 0x503),
    (0x505, 0x505), (0x507, 0x507), (0x509, 0x509), (0x50B, 0x50B), (0x50D, 0x50D), (0x50F, 0x50F),
    (0x511, 0x511), (0x513, 0x513), (0x515, 0x515), (0x517, 0x517), (0x519, 0x519), (0x51B, 0x51B),
    (0x51D, 0x51D), (0x51F, 0x51F), (0x521, 0x521), (0x523, 0x523), (0x525, 0x525), (0x527, 0x527),
    (0x529, 0x529), (0x52B, 0x52B), (0x52D, 0x52D), (0x52F, 0x52F), (0x560, 0x588),
    (0x10D0, 0x10FA), (0x10FC, 0x10FF), (0x13F8, 0x13FD), (0x1C80, 0x1C88), (0x1C8A, 0x1C8A),
    (0x1D00, 0x1DBF), (0x1E01, 0x1E01), (0x1E03, 0x1E03), (0x1E05, 0x1E05), (0x1E07, 0x1E07),
    (0x1E09, 0x1E09), (0x1E0B, 0x1E0B), (0x1E0D, 0x1E0D), (0x1E0F, 0x1E0F), (0x1E11, 0x1E11),
    (0x1E13, 0x1E13), (0x1E15, 0x1E15), (0x1E17, 0x1E17), (0x1E19, 0x1E19), (0x1E1B, 0x1E1B),
    (0x1E1D, 0x1E1D), (0x1E1F, 0x1E1F), (0x1E21, 0x1E21), (0x1E23, 0x1E23), (0x1E25, 0x1E25),
    (0x1E27, 0x1E27), (0x1E29, 0x1E29), (0x1E2B, 0x1E2B), (0x1E2D, 0x1E2D), (0x1E2F, 0x1E2F),
    (0x1E31, 0x1E31), (0x1E33, 0x1E33), (0x1E35, 0x1E35), (0x1E37, 0x1E37), (0x1E39, 0x1E39),
    (0x1E3B, 0x1E3B), (0x1E3D, 0x1E3D), (0x1E3F, 0x1E3F), (0x1E41, 0x1E41), (0x1E43, 0x1E43),
    (0x1E45, 0x1E45), (0x1E47, 0x1E47), (0x1E49, 0x1E49), (0x1E4B, 0x1E4B), (0x1E4D, 0x1E4D),
    (0x1E4F, 0x1E4F), (0x1E51, 0x1E51), (0x1E53, 0x1E53), (0x1E55, 0x1E55), (0x1E57, 0x1E57),
    (0x1E59, 0x1E59), (0x1E5B, 0x1E5B), (0x1E5D, 0x1E5D), (0x1E5F, 0x1E5F), (0x1E61, 0x1E61),
    (0x1E63, 0x1E63), (0x1E65, 0x1E65), (0x1E67, 0x1E67), (0x1E69, 0x1E69), (0x1E6B, 0x1E6B),
    (0x1E6D, 0x1E6D), (0x1E6F, 0x1E6F), (0x1E71, 0x1E71), (0x1E73, 0x1E73), (0x1E75, 0x1E75),
    (0x1E77, 0x1E77), (0x1E79, 0x1E79), (0x1E7B, 0x1E7B), (0x1E7D, 0x1E7D), (0x1E7F, 0x1E7F),
    (0x1E81, 0x1E81), (0x1E83, 0x1E83), (0x1E85, 0x1E85), (0x1E87, 0x1E87), (0x1E89, 0x1E89),
    (0x1E8B, 0x1E8B), (0x1E8D, 0x1E8D), (0x1E8F, 0x1E8F), (0x1E91, 0x1E91), (0x1E93, 0x1E93),
    (0x1E95, 0x1E9D), (0x1E9F, 0x1E9F), (0x1EA1, 0x1EA1), (0x1EA3, 0x1EA3), (0x1EA5, 0x1EA5),
    (0x1EA7, 0x1EA7), (0x1EA9, 0x1EA9), (0x1EAB, 0x1EAB), (0x1EAD, 0x1EAD), (0x1EAF, 0x1EAF),
    (0x1EB1, 0x1EB1), (0x1EB3, 0x1EB3), (0x1EB5, 0x1EB5), (0x1EB7, 0x1EB7), (0x1EB9, 0x1EB9),
    (0x1EBB, 0x1EBB), (0x1EBD, 0x1EBD), (0x1EBF, 0x1EBF), (0x1EC1, 0x1EC1), (0x1EC3, 0x1EC3),
    (0x1EC5, 0x1EC5), (0x1EC7, 0x1EC7), (0x1EC9, 0x1EC9), (0x1ECB, 0x1ECB), (0x1ECD, 0x1ECD),
    (0x1ECF, 0x1ECF), (0x1ED1, 0x1ED1), (0x1ED3, 0x1ED3), (0x1ED5, 0x1ED5), (0x1ED7, 0x1ED7),
    (0x1ED9, 0x1ED9), (0x1EDB, 0x1EDB), (0x1EDD, 0x1EDD), (0x1EDF, 0x1EDF), (0x1EE1, 0x1EE1),
    (0x1EE3, 0x1EE3), (0x1EE5, 0x1EE5), (0x1EE7, 0x1EE7), (0x1EE9, 0x1EE9), (0x1EEB, 0x1EEB),
    (0x1EED, 0x1EED), (0x1EEF, 0x1EEF), (0x1EF1, 0x1EF1), (0x1EF3, 0x1EF3), (0x1EF5, 0x1EF5),
    (0x1EF7, 0x1EF7), (0x1EF9, 0x1EF9), (0x1EFB, 0x1EFB), (0x1EFD, 0x1EFD), (0x1EFF, 0x1F07),
    (0x1F10, 0x1F15), (0x1F20, 0x1F27), (0x1F30, 0x1F37), (0x1F40, 0x1F45), (0x1F50, 0x1F57),
    (0x1F60, 0x1F67), (0x1F70, 0x1F7D), (0x1F80, 0x1F87), (0x1F90, 0x1F97), (0x1FA0, 0x1FA7),
    (0x1FB0, 0x1FB4), (0x1FB6, 0x1FB7), (0x1FBE, 0x1FBE), (0x1FC2, 0x1FC4), (0x1FC6, 0x1FC7),
    (0x1FD0, 0x1FD3), (0x1FD6, 0x1FD7), (0x1FE0, 0x1FE7), (0x1FF2, 0x1FF4), (0x1FF6, 0x1FF7),
    (0x2071, 0x2071), (0x207F, 0x207F), (0x2090, 0x209C), (0x210A, 0x210A), (0x210E, 0x210F),
    (0x2113, 0x2113), (0x212F, 0x212F), (0x2134, 0x2134), (0x2139, 0x2139), (0x213C, 0x213D),
    (0x2146, 0x2149), (0x214E, 0x214E), (0x2170, 0x217F), (0x2184, 0x2184), (0x24D0, 0x24E9),
    (0x2C30, 0x2C5F), (0x2C61, 0x2C61), (0x2C65, 0x2C66), (0x2C68, 0x2C68), (0x2C6A, 0x2C6A),
    (0x2C6C, 0x2C6C), (0x2C71, 0x2C71), (0x2C73, 0x2C74), (0x2C76, 0x2C7D), (0x2C81, 0x2C81),
    (0x2C83, 0x2C83), (0x2C85, 0x2C85), (0x2C87, 0x2C87), (0x2C89, 0x2C89), (0x2C8B, 0x2C8B),
    (0x2C8D, 0x2C8D), (0x2C8F, 0x2C8F), (0x2C91, 0x2C91), (0x2C93, 0x2C93), (0x2C95, 0x2C95),
    (0x2C97, 0x2C97), (0x2C99, 0x2C99), (0x2C9B, 0x2C9B), (0x2C9D, 0x2C9D), (0x2C9F, 0x2C9F),
    (0x2CA1, 0x2CA1), (0x2CA3, 0x2CA3), (0x2CA5, 0x2CA5), (0x2CA7, 0x2CA7), (0x2CA9, 0x2CA9),
    (0x2CAB, 0x2CAB), (0x2CAD, 0x2CAD), (0x2CAF, 0x2CAF), (0x2CB1, 0x2CB1), (0x2CB3, 0x2CB3),
    (0x2CB5, 0x2CB5), (0x2CB7, 0x2CB7), (0x2CB9, 0x2CB9), (0x2CBB, 0x2CBB), (0x2CBD, 0x2CBD),
    (0x2CBF, 0x2CBF), (0x2CC1, 0x2CC1), (0x2CC3, 0x2CC3), (0x2CC5, 0x2CC5), (0x2CC7, 0x2CC7),
    (0x2CC9, 0x2CC9), (0x2CCB, 0x2CCB), (0x2CCD, 0x2CCD), (0x2CCF, 0x2CCF), (0x2CD1, 0x2CD1),
    (0x2CD3, 0x2CD3), (0x2CD5, 0x2CD5), (0x2CD7, 0x2CD7), (0x2CD9, 0x2CD9), (0x2CDB, 0x2CDB),
    (0x2CDD, 0x2CDD), (0x2CDF, 0x2CDF), (0x2CE1, 0x2CE1), (0x2CE3, 0x2CE4), (0x2CEC, 0x2CEC),
    (0x2CEE, 0x2CEE), (0x2CF3, 0x2CF3), (0x2D00, 0x2D25), (0x2D27, 0x2D27), (0x2D2D, 0x2D2D),
    (0xA641, 0xA641), (0xA643, 0xA643), (0xA645, 0xA645), (0xA647, 0xA647), (0xA649, 0xA649),
    (0xA64B, 0xA64B), (0xA64D, 0xA64D), (0xA64F, 0xA64F), (0xA651, 0xA651), (0xA653, 0xA653),
    (0xA655, 0xA655), (0xA657, 0xA657), (0xA659, 0xA659), (0xA65B, 0xA65B), (0xA65D, 0xA65D),
    (0xA65F, 0xA65F), (0xA661, 0xA661), (0xA663, 0xA663), (0xA665, 0xA665), (0xA667, 0xA667),
    (0xA669, 0xA669), (0xA66B, 0xA66B), (0xA66D, 0xA66D), (0xA681, 0xA681), (0xA683, 0xA683),
    (0xA685, 0xA685), (0xA687, 0xA687), (0xA689, 0xA689), (0xA68B, 0xA68B), (0xA68D, 0xA68D),
    (0xA68F, 0xA68F), (0xA691, 0xA691), (0xA693, 0xA693), (0xA695, 0xA695), (0xA697, 0xA697),
    (0xA699, 0xA699), (0xA69B, 0xA69D), (0xA723, 0xA723), (0xA725, 0xA725), (0xA727, 0xA727),
    (0xA729, 0xA729), (0xA72B, 0xA72B), (0xA72D, 0xA72D), (0xA72F, 0xA731), (0xA733, 0xA733),
    (0xA735, 0xA735), (0xA737, 0xA737), (0xA739, 0xA739), (0xA73B, 0xA73B), (0xA73D, 0xA73D),
    (0xA73F, 0xA73F), (0xA741, 0xA741), (0xA743, 0xA743), (0xA745, 0xA745), (0xA747, 0xA747),
    (0xA749, 0xA749), (0xA74B, 0xA74B), (0xA74D, 0xA74D), (0xA74F, 0xA74F), (0xA751, 0xA751),
    (0xA753, 0xA753), (0xA755, 0xA755), (0xA757, 0xA757), (0xA759, 0xA759), (0xA75B, 0xA75B),
    (0xA75D, 0xA75D), (0xA75F, 0xA75F), (0xA761, 0xA761), (0xA763, 0xA763), (0xA765, 0xA765),
    (0xA767, 0xA767), (0xA769, 0xA769), (0xA76B, 0xA76B), (0xA76D, 0xA76D), (0xA76F, 0xA778),
    (0xA77A, 0xA77A), (0xA77C, 0xA77C), (0xA77F, 0xA77F), (0xA781, 0xA781), (0xA783, 0xA783),
    (0xA785, 0xA785), (0xA787, 0xA787), (0xA78C, 0xA78C), (0xA78E, 0xA78E), (0xA791, 0xA791),
    (0xA793, 0xA795), (0xA797, 0xA797), (0xA799, 0xA799), (0xA79B, 0xA79B), (0xA79D, 0xA79D),
    (0xA79F, 0xA79F), (0xA7A1, 0xA7A1), (0xA7A3, 0xA7A3), (0xA7A5, 0xA7A5), (0xA7A7, 0xA7A7),
    (0xA7A9, 0xA7A9), (0xA7AF, 0xA7AF), (0xA7B5, 0xA7B5), (0xA7B7, 0xA7B7), (0xA7B9, 0xA7B9),
    (0xA7BB, 0xA7BB), (0xA7BD, 0xA7BD), (0xA7BF, 0xA7BF), (0xA7C1, 0xA7C1), (0xA7C3, 0xA7C3),
    (0xA7C8, 0xA7C8), (0xA7CA, 0xA7CA), (0xA7CD, 0xA7CD), (0xA7CF, 0xA7CF), (0xA7D1, 0xA7D1),
    (0xA7D3, 0xA7D3), (0xA7D5, 0xA7D5), (0xA7D7, 0xA7D7), (0xA7D9, 0xA7D9), (0xA7DB, 0xA7DB),
    (0xA7F1, 0xA7F4), (0xA7F6, 0xA7F6), (0xA7F8, 0xA7FA), (0xAB30, 0xAB5A), (0xAB5C, 0xAB69),
    (0xAB70, 0xABBF), (0xFB00, 0xFB06), (0xFB13, 0xFB17), (0xFF41, 0xFF5A), (0x10428, 0x1044F),
    (0x104D8, 0x104FB), (0x10597, 0x105A1), (0x105A3, 0x105B1), (0x105B3, 0x105B9),
    (0x105BB, 0x105BC), (0x10780, 0x10780), (0x10783, 0x10785), (0x10787, 0x107B0),
    (0x107B2, 0x107BA), (0x10CC0, 0x10CF2), (0x10D70, 0x10D85), (0x118C0, 0x118DF),
    (0x16E60, 0x16E7F), (0x16EBB, 0x16ED3), (0x1D41A, 0x1D433), (0x1D44E, 0x1D454),
    (0x1D456, 0x1D467), (0x1D482, 0x1D49B), (0x1D4B6, 0x1D4B9), (0x1D4BB, 0x1D4BB),
    (0x1D4BD, 0x1D4C3), (0x1D4C5, 0x1D4CF), (0x1D4EA, 0x1D503), (0x1D51E, 0x1D537),
    (0x1D552, 0x1D56B), (0x1D586, 0x1D59F), (0x1D5BA, 0x1D5D3), (0x1D5EE, 0x1D607),
    (0x1D622, 0x1D63B), (0x1D656, 0x1D66F), (0x1D68A, 0x1D6A5), (0x1D6C2, 0x1D6DA),
    (0x1D6DC, 0x1D6E1), (0x1D6FC, 0x1D714), (0x1D716, 0x1D71B), (0x1D736, 0x1D74E),
    (0x1D750, 0x1D755), (0x1D770, 0x1D788), (0x1D78A, 0x1D78F), (0x1D7AA, 0x1D7C2),
    (0x1D7C4, 0x1D7C9), (0x1D7CB, 0x1D7CB), (0x1DF00, 0x1DF09), (0x1DF0B, 0x1DF1E),
    (0x1DF25, 0x1DF2A), (0x1E030, 0x1E06D), (0x1E922, 0x1E943),
];

/// `Unicode.Scalar.Properties.isCased`.
pub static CASED: &[(u32, u32)] = &[
    (0x41, 0x5A), (0x61, 0x7A), (0xAA, 0xAA), (0xB5, 0xB5), (0xBA, 0xBA), (0xC0, 0xD6),
    (0xD8, 0xF6), (0xF8, 0x1BA), (0x1BC, 0x1BF), (0x1C4, 0x293), (0x296, 0x2B8), (0x2C0, 0x2C1),
    (0x2E0, 0x2E4), (0x345, 0x345), (0x370, 0x373), (0x376, 0x377), (0x37A, 0x37D), (0x37F, 0x37F),
    (0x386, 0x386), (0x388, 0x38A), (0x38C, 0x38C), (0x38E, 0x3A1), (0x3A3, 0x3F5), (0x3F7, 0x481),
    (0x48A, 0x52F), (0x531, 0x556), (0x560, 0x588), (0x10A0, 0x10C5), (0x10C7, 0x10C7),
    (0x10CD, 0x10CD), (0x10D0, 0x10FA), (0x10FC, 0x10FF), (0x13A0, 0x13F5), (0x13F8, 0x13FD),
    (0x1C80, 0x1C8A), (0x1C90, 0x1CBA), (0x1CBD, 0x1CBF), (0x1D00, 0x1DBF), (0x1E00, 0x1F15),
    (0x1F18, 0x1F1D), (0x1F20, 0x1F45), (0x1F48, 0x1F4D), (0x1F50, 0x1F57), (0x1F59, 0x1F59),
    (0x1F5B, 0x1F5B), (0x1F5D, 0x1F5D), (0x1F5F, 0x1F7D), (0x1F80, 0x1FB4), (0x1FB6, 0x1FBC),
    (0x1FBE, 0x1FBE), (0x1FC2, 0x1FC4), (0x1FC6, 0x1FCC), (0x1FD0, 0x1FD3), (0x1FD6, 0x1FDB),
    (0x1FE0, 0x1FEC), (0x1FF2, 0x1FF4), (0x1FF6, 0x1FFC), (0x2071, 0x2071), (0x207F, 0x207F),
    (0x2090, 0x209C), (0x2102, 0x2102), (0x2107, 0x2107), (0x210A, 0x2113), (0x2115, 0x2115),
    (0x2119, 0x211D), (0x2124, 0x2124), (0x2126, 0x2126), (0x2128, 0x2128), (0x212A, 0x212D),
    (0x212F, 0x2134), (0x2139, 0x2139), (0x213C, 0x213F), (0x2145, 0x2149), (0x214E, 0x214E),
    (0x2160, 0x217F), (0x2183, 0x2184), (0x24B6, 0x24E9), (0x2C00, 0x2CE4), (0x2CEB, 0x2CEE),
    (0x2CF2, 0x2CF3), (0x2D00, 0x2D25), (0x2D27, 0x2D27), (0x2D2D, 0x2D2D), (0xA640, 0xA66D),
    (0xA680, 0xA69D), (0xA722, 0xA787), (0xA78B, 0xA78E), (0xA790, 0xA7DC), (0xA7F1, 0xA7F6),
    (0xA7F8, 0xA7FA), (0xAB30, 0xAB5A), (0xAB5C, 0xAB69), (0xAB70, 0xABBF), (0xFB00, 0xFB06),
    (0xFB13, 0xFB17), (0xFF21, 0xFF3A), (0xFF41, 0xFF5A), (0x10400, 0x1044F), (0x104B0, 0x104D3),
    (0x104D8, 0x104FB), (0x10570, 0x1057A), (0x1057C, 0x1058A), (0x1058C, 0x10592),
    (0x10594, 0x10595), (0x10597, 0x105A1), (0x105A3, 0x105B1), (0x105B3, 0x105B9),
    (0x105BB, 0x105BC), (0x10780, 0x10780), (0x10783, 0x10785), (0x10787, 0x107B0),
    (0x107B2, 0x107BA), (0x10C80, 0x10CB2), (0x10CC0, 0x10CF2), (0x10D50, 0x10D65),
    (0x10D70, 0x10D85), (0x118A0, 0x118DF), (0x16E40, 0x16E7F), (0x16EA0, 0x16EB8),
    (0x16EBB, 0x16ED3), (0x1D400, 0x1D454), (0x1D456, 0x1D49C), (0x1D49E, 0x1D49F),
    (0x1D4A2, 0x1D4A2), (0x1D4A5, 0x1D4A6), (0x1D4A9, 0x1D4AC), (0x1D4AE, 0x1D4B9),
    (0x1D4BB, 0x1D4BB), (0x1D4BD, 0x1D4C3), (0x1D4C5, 0x1D505), (0x1D507, 0x1D50A),
    (0x1D50D, 0x1D514), (0x1D516, 0x1D51C), (0x1D51E, 0x1D539), (0x1D53B, 0x1D53E),
    (0x1D540, 0x1D544), (0x1D546, 0x1D546), (0x1D54A, 0x1D550), (0x1D552, 0x1D6A5),
    (0x1D6A8, 0x1D6C0), (0x1D6C2, 0x1D6DA), (0x1D6DC, 0x1D6FA), (0x1D6FC, 0x1D714),
    (0x1D716, 0x1D734), (0x1D736, 0x1D74E), (0x1D750, 0x1D76E), (0x1D770, 0x1D788),
    (0x1D78A, 0x1D7A8), (0x1D7AA, 0x1D7C2), (0x1D7C4, 0x1D7CB), (0x1DF00, 0x1DF09),
    (0x1DF0B, 0x1DF1E), (0x1DF25, 0x1DF2A), (0x1E030, 0x1E06D), (0x1E900, 0x1E943),
    (0x1F130, 0x1F149), (0x1F150, 0x1F169), (0x1F170, 0x1F189),
];

/// `Unicode.Scalar.Properties.lowercaseMapping` wherever it is not the scalar itself.
pub static LOWERCASE_MAPPING: &[(u32, &str)] = &[
    (0x41, "a"),
    (0x42, "b"),
    (0x43, "c"),
    (0x44, "d"),
    (0x45, "e"),
    (0x46, "f"),
    (0x47, "g"),
    (0x48, "h"),
    (0x49, "i"),
    (0x4A, "j"),
    (0x4B, "k"),
    (0x4C, "l"),
    (0x4D, "m"),
    (0x4E, "n"),
    (0x4F, "o"),
    (0x50, "p"),
    (0x51, "q"),
    (0x52, "r"),
    (0x53, "s"),
    (0x54, "t"),
    (0x55, "u"),
    (0x56, "v"),
    (0x57, "w"),
    (0x58, "x"),
    (0x59, "y"),
    (0x5A, "z"),
    (0xC0, "\u{E0}"),
    (0xC1, "\u{E1}"),
    (0xC2, "\u{E2}"),
    (0xC3, "\u{E3}"),
    (0xC4, "\u{E4}"),
    (0xC5, "\u{E5}"),
    (0xC6, "\u{E6}"),
    (0xC7, "\u{E7}"),
    (0xC8, "\u{E8}"),
    (0xC9, "\u{E9}"),
    (0xCA, "\u{EA}"),
    (0xCB, "\u{EB}"),
    (0xCC, "\u{EC}"),
    (0xCD, "\u{ED}"),
    (0xCE, "\u{EE}"),
    (0xCF, "\u{EF}"),
    (0xD0, "\u{F0}"),
    (0xD1, "\u{F1}"),
    (0xD2, "\u{F2}"),
    (0xD3, "\u{F3}"),
    (0xD4, "\u{F4}"),
    (0xD5, "\u{F5}"),
    (0xD6, "\u{F6}"),
    (0xD8, "\u{F8}"),
    (0xD9, "\u{F9}"),
    (0xDA, "\u{FA}"),
    (0xDB, "\u{FB}"),
    (0xDC, "\u{FC}"),
    (0xDD, "\u{FD}"),
    (0xDE, "\u{FE}"),
    (0x100, "\u{101}"),
    (0x102, "\u{103}"),
    (0x104, "\u{105}"),
    (0x106, "\u{107}"),
    (0x108, "\u{109}"),
    (0x10A, "\u{10B}"),
    (0x10C, "\u{10D}"),
    (0x10E, "\u{10F}"),
    (0x110, "\u{111}"),
    (0x112, "\u{113}"),
    (0x114, "\u{115}"),
    (0x116, "\u{117}"),
    (0x118, "\u{119}"),
    (0x11A, "\u{11B}"),
    (0x11C, "\u{11D}"),
    (0x11E, "\u{11F}"),
    (0x120, "\u{121}"),
    (0x122, "\u{123}"),
    (0x124, "\u{125}"),
    (0x126, "\u{127}"),
    (0x128, "\u{129}"),
    (0x12A, "\u{12B}"),
    (0x12C, "\u{12D}"),
    (0x12E, "\u{12F}"),
    (0x130, "i\u{307}"),
    (0x132, "\u{133}"),
    (0x134, "\u{135}"),
    (0x136, "\u{137}"),
    (0x139, "\u{13A}"),
    (0x13B, "\u{13C}"),
    (0x13D, "\u{13E}"),
    (0x13F, "\u{140}"),
    (0x141, "\u{142}"),
    (0x143, "\u{144}"),
    (0x145, "\u{146}"),
    (0x147, "\u{148}"),
    (0x14A, "\u{14B}"),
    (0x14C, "\u{14D}"),
    (0x14E, "\u{14F}"),
    (0x150, "\u{151}"),
    (0x152, "\u{153}"),
    (0x154, "\u{155}"),
    (0x156, "\u{157}"),
    (0x158, "\u{159}"),
    (0x15A, "\u{15B}"),
    (0x15C, "\u{15D}"),
    (0x15E, "\u{15F}"),
    (0x160, "\u{161}"),
    (0x162, "\u{163}"),
    (0x164, "\u{165}"),
    (0x166, "\u{167}"),
    (0x168, "\u{169}"),
    (0x16A, "\u{16B}"),
    (0x16C, "\u{16D}"),
    (0x16E, "\u{16F}"),
    (0x170, "\u{171}"),
    (0x172, "\u{173}"),
    (0x174, "\u{175}"),
    (0x176, "\u{177}"),
    (0x178, "\u{FF}"),
    (0x179, "\u{17A}"),
    (0x17B, "\u{17C}"),
    (0x17D, "\u{17E}"),
    (0x181, "\u{253}"),
    (0x182, "\u{183}"),
    (0x184, "\u{185}"),
    (0x186, "\u{254}"),
    (0x187, "\u{188}"),
    (0x189, "\u{256}"),
    (0x18A, "\u{257}"),
    (0x18B, "\u{18C}"),
    (0x18E, "\u{1DD}"),
    (0x18F, "\u{259}"),
    (0x190, "\u{25B}"),
    (0x191, "\u{192}"),
    (0x193, "\u{260}"),
    (0x194, "\u{263}"),
    (0x196, "\u{269}"),
    (0x197, "\u{268}"),
    (0x198, "\u{199}"),
    (0x19C, "\u{26F}"),
    (0x19D, "\u{272}"),
    (0x19F, "\u{275}"),
    (0x1A0, "\u{1A1}"),
    (0x1A2, "\u{1A3}"),
    (0x1A4, "\u{1A5}"),
    (0x1A6, "\u{280}"),
    (0x1A7, "\u{1A8}"),
    (0x1A9, "\u{283}"),
    (0x1AC, "\u{1AD}"),
    (0x1AE, "\u{288}"),
    (0x1AF, "\u{1B0}"),
    (0x1B1, "\u{28A}"),
    (0x1B2, "\u{28B}"),
    (0x1B3, "\u{1B4}"),
    (0x1B5, "\u{1B6}"),
    (0x1B7, "\u{292}"),
    (0x1B8, "\u{1B9}"),
    (0x1BC, "\u{1BD}"),
    (0x1C4, "\u{1C6}"),
    (0x1C5, "\u{1C6}"),
    (0x1C7, "\u{1C9}"),
    (0x1C8, "\u{1C9}"),
    (0x1CA, "\u{1CC}"),
    (0x1CB, "\u{1CC}"),
    (0x1CD, "\u{1CE}"),
    (0x1CF, "\u{1D0}"),
    (0x1D1, "\u{1D2}"),
    (0x1D3, "\u{1D4}"),
    (0x1D5, "\u{1D6}"),
    (0x1D7, "\u{1D8}"),
    (0x1D9, "\u{1DA}"),
    (0x1DB, "\u{1DC}"),
    (0x1DE, "\u{1DF}"),
    (0x1E0, "\u{1E1}"),
    (0x1E2, "\u{1E3}"),
    (0x1E4, "\u{1E5}"),
    (0x1E6, "\u{1E7}"),
    (0x1E8, "\u{1E9}"),
    (0x1EA, "\u{1EB}"),
    (0x1EC, "\u{1ED}"),
    (0x1EE, "\u{1EF}"),
    (0x1F1, "\u{1F3}"),
    (0x1F2, "\u{1F3}"),
    (0x1F4, "\u{1F5}"),
    (0x1F6, "\u{195}"),
    (0x1F7, "\u{1BF}"),
    (0x1F8, "\u{1F9}"),
    (0x1FA, "\u{1FB}"),
    (0x1FC, "\u{1FD}"),
    (0x1FE, "\u{1FF}"),
    (0x200, "\u{201}"),
    (0x202, "\u{203}"),
    (0x204, "\u{205}"),
    (0x206, "\u{207}"),
    (0x208, "\u{209}"),
    (0x20A, "\u{20B}"),
    (0x20C, "\u{20D}"),
    (0x20E, "\u{20F}"),
    (0x210, "\u{211}"),
    (0x212, "\u{213}"),
    (0x214, "\u{215}"),
    (0x216, "\u{217}"),
    (0x218, "\u{219}"),
    (0x21A, "\u{21B}"),
    (0x21C, "\u{21D}"),
    (0x21E, "\u{21F}"),
    (0x220, "\u{19E}"),
    (0x222, "\u{223}"),
    (0x224, "\u{225}"),
    (0x226, "\u{227}"),
    (0x228, "\u{229}"),
    (0x22A, "\u{22B}"),
    (0x22C, "\u{22D}"),
    (0x22E, "\u{22F}"),
    (0x230, "\u{231}"),
    (0x232, "\u{233}"),
    (0x23A, "\u{2C65}"),
    (0x23B, "\u{23C}"),
    (0x23D, "\u{19A}"),
    (0x23E, "\u{2C66}"),
    (0x241, "\u{242}"),
    (0x243, "\u{180}"),
    (0x244, "\u{289}"),
    (0x245, "\u{28C}"),
    (0x246, "\u{247}"),
    (0x248, "\u{249}"),
    (0x24A, "\u{24B}"),
    (0x24C, "\u{24D}"),
    (0x24E, "\u{24F}"),
    (0x370, "\u{371}"),
    (0x372, "\u{373}"),
    (0x376, "\u{377}"),
    (0x37F, "\u{3F3}"),
    (0x386, "\u{3AC}"),
    (0x388, "\u{3AD}"),
    (0x389, "\u{3AE}"),
    (0x38A, "\u{3AF}"),
    (0x38C, "\u{3CC}"),
    (0x38E, "\u{3CD}"),
    (0x38F, "\u{3CE}"),
    (0x391, "\u{3B1}"),
    (0x392, "\u{3B2}"),
    (0x393, "\u{3B3}"),
    (0x394, "\u{3B4}"),
    (0x395, "\u{3B5}"),
    (0x396, "\u{3B6}"),
    (0x397, "\u{3B7}"),
    (0x398, "\u{3B8}"),
    (0x399, "\u{3B9}"),
    (0x39A, "\u{3BA}"),
    (0x39B, "\u{3BB}"),
    (0x39C, "\u{3BC}"),
    (0x39D, "\u{3BD}"),
    (0x39E, "\u{3BE}"),
    (0x39F, "\u{3BF}"),
    (0x3A0, "\u{3C0}"),
    (0x3A1, "\u{3C1}"),
    (0x3A3, "\u{3C3}"),
    (0x3A4, "\u{3C4}"),
    (0x3A5, "\u{3C5}"),
    (0x3A6, "\u{3C6}"),
    (0x3A7, "\u{3C7}"),
    (0x3A8, "\u{3C8}"),
    (0x3A9, "\u{3C9}"),
    (0x3AA, "\u{3CA}"),
    (0x3AB, "\u{3CB}"),
    (0x3CF, "\u{3D7}"),
    (0x3D8, "\u{3D9}"),
    (0x3DA, "\u{3DB}"),
    (0x3DC, "\u{3DD}"),
    (0x3DE, "\u{3DF}"),
    (0x3E0, "\u{3E1}"),
    (0x3E2, "\u{3E3}"),
    (0x3E4, "\u{3E5}"),
    (0x3E6, "\u{3E7}"),
    (0x3E8, "\u{3E9}"),
    (0x3EA, "\u{3EB}"),
    (0x3EC, "\u{3ED}"),
    (0x3EE, "\u{3EF}"),
    (0x3F4, "\u{3B8}"),
    (0x3F7, "\u{3F8}"),
    (0x3F9, "\u{3F2}"),
    (0x3FA, "\u{3FB}"),
    (0x3FD, "\u{37B}"),
    (0x3FE, "\u{37C}"),
    (0x3FF, "\u{37D}"),
    (0x400, "\u{450}"),
    (0x401, "\u{451}"),
    (0x402, "\u{452}"),
    (0x403, "\u{453}"),
    (0x404, "\u{454}"),
    (0x405, "\u{455}"),
    (0x406, "\u{456}"),
    (0x407, "\u{457}"),
    (0x408, "\u{458}"),
    (0x409, "\u{459}"),
    (0x40A, "\u{45A}"),
    (0x40B, "\u{45B}"),
    (0x40C, "\u{45C}"),
    (0x40D, "\u{45D}"),
    (0x40E, "\u{45E}"),
    (0x40F, "\u{45F}"),
    (0x410, "\u{430}"),
    (0x411, "\u{431}"),
    (0x412, "\u{432}"),
    (0x413, "\u{433}"),
    (0x414, "\u{434}"),
    (0x415, "\u{435}"),
    (0x416, "\u{436}"),
    (0x417, "\u{437}"),
    (0x418, "\u{438}"),
    (0x419, "\u{439}"),
    (0x41A, "\u{43A}"),
    (0x41B, "\u{43B}"),
    (0x41C, "\u{43C}"),
    (0x41D, "\u{43D}"),
    (0x41E, "\u{43E}"),
    (0x41F, "\u{43F}"),
    (0x420, "\u{440}"),
    (0x421, "\u{441}"),
    (0x422, "\u{442}"),
    (0x423, "\u{443}"),
    (0x424, "\u{444}"),
    (0x425, "\u{445}"),
    (0x426, "\u{446}"),
    (0x427, "\u{447}"),
    (0x428, "\u{448}"),
    (0x429, "\u{449}"),
    (0x42A, "\u{44A}"),
    (0x42B, "\u{44B}"),
    (0x42C, "\u{44C}"),
    (0x42D, "\u{44D}"),
    (0x42E, "\u{44E}"),
    (0x42F, "\u{44F}"),
    (0x460, "\u{461}"),
    (0x462, "\u{463}"),
    (0x464, "\u{465}"),
    (0x466, "\u{467}"),
    (0x468, "\u{469}"),
    (0x46A, "\u{46B}"),
    (0x46C, "\u{46D}"),
    (0x46E, "\u{46F}"),
    (0x470, "\u{471}"),
    (0x472, "\u{473}"),
    (0x474, "\u{475}"),
    (0x476, "\u{477}"),
    (0x478, "\u{479}"),
    (0x47A, "\u{47B}"),
    (0x47C, "\u{47D}"),
    (0x47E, "\u{47F}"),
    (0x480, "\u{481}"),
    (0x48A, "\u{48B}"),
    (0x48C, "\u{48D}"),
    (0x48E, "\u{48F}"),
    (0x490, "\u{491}"),
    (0x492, "\u{493}"),
    (0x494, "\u{495}"),
    (0x496, "\u{497}"),
    (0x498, "\u{499}"),
    (0x49A, "\u{49B}"),
    (0x49C, "\u{49D}"),
    (0x49E, "\u{49F}"),
    (0x4A0, "\u{4A1}"),
    (0x4A2, "\u{4A3}"),
    (0x4A4, "\u{4A5}"),
    (0x4A6, "\u{4A7}"),
    (0x4A8, "\u{4A9}"),
    (0x4AA, "\u{4AB}"),
    (0x4AC, "\u{4AD}"),
    (0x4AE, "\u{4AF}"),
    (0x4B0, "\u{4B1}"),
    (0x4B2, "\u{4B3}"),
    (0x4B4, "\u{4B5}"),
    (0x4B6, "\u{4B7}"),
    (0x4B8, "\u{4B9}"),
    (0x4BA, "\u{4BB}"),
    (0x4BC, "\u{4BD}"),
    (0x4BE, "\u{4BF}"),
    (0x4C0, "\u{4CF}"),
    (0x4C1, "\u{4C2}"),
    (0x4C3, "\u{4C4}"),
    (0x4C5, "\u{4C6}"),
    (0x4C7, "\u{4C8}"),
    (0x4C9, "\u{4CA}"),
    (0x4CB, "\u{4CC}"),
    (0x4CD, "\u{4CE}"),
    (0x4D0, "\u{4D1}"),
    (0x4D2, "\u{4D3}"),
    (0x4D4, "\u{4D5}"),
    (0x4D6, "\u{4D7}"),
    (0x4D8, "\u{4D9}"),
    (0x4DA, "\u{4DB}"),
    (0x4DC, "\u{4DD}"),
    (0x4DE, "\u{4DF}"),
    (0x4E0, "\u{4E1}"),
    (0x4E2, "\u{4E3}"),
    (0x4E4, "\u{4E5}"),
    (0x4E6, "\u{4E7}"),
    (0x4E8, "\u{4E9}"),
    (0x4EA, "\u{4EB}"),
    (0x4EC, "\u{4ED}"),
    (0x4EE, "\u{4EF}"),
    (0x4F0, "\u{4F1}"),
    (0x4F2, "\u{4F3}"),
    (0x4F4, "\u{4F5}"),
    (0x4F6, "\u{4F7}"),
    (0x4F8, "\u{4F9}"),
    (0x4FA, "\u{4FB}"),
    (0x4FC, "\u{4FD}"),
    (0x4FE, "\u{4FF}"),
    (0x500, "\u{501}"),
    (0x502, "\u{503}"),
    (0x504, "\u{505}"),
    (0x506, "\u{507}"),
    (0x508, "\u{509}"),
    (0x50A, "\u{50B}"),
    (0x50C, "\u{50D}"),
    (0x50E, "\u{50F}"),
    (0x510, "\u{511}"),
    (0x512, "\u{513}"),
    (0x514, "\u{515}"),
    (0x516, "\u{517}"),
    (0x518, "\u{519}"),
    (0x51A, "\u{51B}"),
    (0x51C, "\u{51D}"),
    (0x51E, "\u{51F}"),
    (0x520, "\u{521}"),
    (0x522, "\u{523}"),
    (0x524, "\u{525}"),
    (0x526, "\u{527}"),
    (0x528, "\u{529}"),
    (0x52A, "\u{52B}"),
    (0x52C, "\u{52D}"),
    (0x52E, "\u{52F}"),
    (0x531, "\u{561}"),
    (0x532, "\u{562}"),
    (0x533, "\u{563}"),
    (0x534, "\u{564}"),
    (0x535, "\u{565}"),
    (0x536, "\u{566}"),
    (0x537, "\u{567}"),
    (0x538, "\u{568}"),
    (0x539, "\u{569}"),
    (0x53A, "\u{56A}"),
    (0x53B, "\u{56B}"),
    (0x53C, "\u{56C}"),
    (0x53D, "\u{56D}"),
    (0x53E, "\u{56E}"),
    (0x53F, "\u{56F}"),
    (0x540, "\u{570}"),
    (0x541, "\u{571}"),
    (0x542, "\u{572}"),
    (0x543, "\u{573}"),
    (0x544, "\u{574}"),
    (0x545, "\u{575}"),
    (0x546, "\u{576}"),
    (0x547, "\u{577}"),
    (0x548, "\u{578}"),
    (0x549, "\u{579}"),
    (0x54A, "\u{57A}"),
    (0x54B, "\u{57B}"),
    (0x54C, "\u{57C}"),
    (0x54D, "\u{57D}"),
    (0x54E, "\u{57E}"),
    (0x54F, "\u{57F}"),
    (0x550, "\u{580}"),
    (0x551, "\u{581}"),
    (0x552, "\u{582}"),
    (0x553, "\u{583}"),
    (0x554, "\u{584}"),
    (0x555, "\u{585}"),
    (0x556, "\u{586}"),
    (0x10A0, "\u{2D00}"),
    (0x10A1, "\u{2D01}"),
    (0x10A2, "\u{2D02}"),
    (0x10A3, "\u{2D03}"),
    (0x10A4, "\u{2D04}"),
    (0x10A5, "\u{2D05}"),
    (0x10A6, "\u{2D06}"),
    (0x10A7, "\u{2D07}"),
    (0x10A8, "\u{2D08}"),
    (0x10A9, "\u{2D09}"),
    (0x10AA, "\u{2D0A}"),
    (0x10AB, "\u{2D0B}"),
    (0x10AC, "\u{2D0C}"),
    (0x10AD, "\u{2D0D}"),
    (0x10AE, "\u{2D0E}"),
    (0x10AF, "\u{2D0F}"),
    (0x10B0, "\u{2D10}"),
    (0x10B1, "\u{2D11}"),
    (0x10B2, "\u{2D12}"),
    (0x10B3, "\u{2D13}"),
    (0x10B4, "\u{2D14}"),
    (0x10B5, "\u{2D15}"),
    (0x10B6, "\u{2D16}"),
    (0x10B7, "\u{2D17}"),
    (0x10B8, "\u{2D18}"),
    (0x10B9, "\u{2D19}"),
    (0x10BA, "\u{2D1A}"),
    (0x10BB, "\u{2D1B}"),
    (0x10BC, "\u{2D1C}"),
    (0x10BD, "\u{2D1D}"),
    (0x10BE, "\u{2D1E}"),
    (0x10BF, "\u{2D1F}"),
    (0x10C0, "\u{2D20}"),
    (0x10C1, "\u{2D21}"),
    (0x10C2, "\u{2D22}"),
    (0x10C3, "\u{2D23}"),
    (0x10C4, "\u{2D24}"),
    (0x10C5, "\u{2D25}"),
    (0x10C7, "\u{2D27}"),
    (0x10CD, "\u{2D2D}"),
    (0x13A0, "\u{AB70}"),
    (0x13A1, "\u{AB71}"),
    (0x13A2, "\u{AB72}"),
    (0x13A3, "\u{AB73}"),
    (0x13A4, "\u{AB74}"),
    (0x13A5, "\u{AB75}"),
    (0x13A6, "\u{AB76}"),
    (0x13A7, "\u{AB77}"),
    (0x13A8, "\u{AB78}"),
    (0x13A9, "\u{AB79}"),
    (0x13AA, "\u{AB7A}"),
    (0x13AB, "\u{AB7B}"),
    (0x13AC, "\u{AB7C}"),
    (0x13AD, "\u{AB7D}"),
    (0x13AE, "\u{AB7E}"),
    (0x13AF, "\u{AB7F}"),
    (0x13B0, "\u{AB80}"),
    (0x13B1, "\u{AB81}"),
    (0x13B2, "\u{AB82}"),
    (0x13B3, "\u{AB83}"),
    (0x13B4, "\u{AB84}"),
    (0x13B5, "\u{AB85}"),
    (0x13B6, "\u{AB86}"),
    (0x13B7, "\u{AB87}"),
    (0x13B8, "\u{AB88}"),
    (0x13B9, "\u{AB89}"),
    (0x13BA, "\u{AB8A}"),
    (0x13BB, "\u{AB8B}"),
    (0x13BC, "\u{AB8C}"),
    (0x13BD, "\u{AB8D}"),
    (0x13BE, "\u{AB8E}"),
    (0x13BF, "\u{AB8F}"),
    (0x13C0, "\u{AB90}"),
    (0x13C1, "\u{AB91}"),
    (0x13C2, "\u{AB92}"),
    (0x13C3, "\u{AB93}"),
    (0x13C4, "\u{AB94}"),
    (0x13C5, "\u{AB95}"),
    (0x13C6, "\u{AB96}"),
    (0x13C7, "\u{AB97}"),
    (0x13C8, "\u{AB98}"),
    (0x13C9, "\u{AB99}"),
    (0x13CA, "\u{AB9A}"),
    (0x13CB, "\u{AB9B}"),
    (0x13CC, "\u{AB9C}"),
    (0x13CD, "\u{AB9D}"),
    (0x13CE, "\u{AB9E}"),
    (0x13CF, "\u{AB9F}"),
    (0x13D0, "\u{ABA0}"),
    (0x13D1, "\u{ABA1}"),
    (0x13D2, "\u{ABA2}"),
    (0x13D3, "\u{ABA3}"),
    (0x13D4, "\u{ABA4}"),
    (0x13D5, "\u{ABA5}"),
    (0x13D6, "\u{ABA6}"),
    (0x13D7, "\u{ABA7}"),
    (0x13D8, "\u{ABA8}"),
    (0x13D9, "\u{ABA9}"),
    (0x13DA, "\u{ABAA}"),
    (0x13DB, "\u{ABAB}"),
    (0x13DC, "\u{ABAC}"),
    (0x13DD, "\u{ABAD}"),
    (0x13DE, "\u{ABAE}"),
    (0x13DF, "\u{ABAF}"),
    (0x13E0, "\u{ABB0}"),
    (0x13E1, "\u{ABB1}"),
    (0x13E2, "\u{ABB2}"),
    (0x13E3, "\u{ABB3}"),
    (0x13E4, "\u{ABB4}"),
    (0x13E5, "\u{ABB5}"),
    (0x13E6, "\u{ABB6}"),
    (0x13E7, "\u{ABB7}"),
    (0x13E8, "\u{ABB8}"),
    (0x13E9, "\u{ABB9}"),
    (0x13EA, "\u{ABBA}"),
    (0x13EB, "\u{ABBB}"),
    (0x13EC, "\u{ABBC}"),
    (0x13ED, "\u{ABBD}"),
    (0x13EE, "\u{ABBE}"),
    (0x13EF, "\u{ABBF}"),
    (0x13F0, "\u{13F8}"),
    (0x13F1, "\u{13F9}"),
    (0x13F2, "\u{13FA}"),
    (0x13F3, "\u{13FB}"),
    (0x13F4, "\u{13FC}"),
    (0x13F5, "\u{13FD}"),
    (0x1C89, "\u{1C8A}"),
    (0x1C90, "\u{10D0}"),
    (0x1C91, "\u{10D1}"),
    (0x1C92, "\u{10D2}"),
    (0x1C93, "\u{10D3}"),
    (0x1C94, "\u{10D4}"),
    (0x1C95, "\u{10D5}"),
    (0x1C96, "\u{10D6}"),
    (0x1C97, "\u{10D7}"),
    (0x1C98, "\u{10D8}"),
    (0x1C99, "\u{10D9}"),
    (0x1C9A, "\u{10DA}"),
    (0x1C9B, "\u{10DB}"),
    (0x1C9C, "\u{10DC}"),
    (0x1C9D, "\u{10DD}"),
    (0x1C9E, "\u{10DE}"),
    (0x1C9F, "\u{10DF}"),
    (0x1CA0, "\u{10E0}"),
    (0x1CA1, "\u{10E1}"),
    (0x1CA2, "\u{10E2}"),
    (0x1CA3, "\u{10E3}"),
    (0x1CA4, "\u{10E4}"),
    (0x1CA5, "\u{10E5}"),
    (0x1CA6, "\u{10E6}"),
    (0x1CA7, "\u{10E7}"),
    (0x1CA8, "\u{10E8}"),
    (0x1CA9, "\u{10E9}"),
    (0x1CAA, "\u{10EA}"),
    (0x1CAB, "\u{10EB}"),
    (0x1CAC, "\u{10EC}"),
    (0x1CAD, "\u{10ED}"),
    (0x1CAE, "\u{10EE}"),
    (0x1CAF, "\u{10EF}"),
    (0x1CB0, "\u{10F0}"),
    (0x1CB1, "\u{10F1}"),
    (0x1CB2, "\u{10F2}"),
    (0x1CB3, "\u{10F3}"),
    (0x1CB4, "\u{10F4}"),
    (0x1CB5, "\u{10F5}"),
    (0x1CB6, "\u{10F6}"),
    (0x1CB7, "\u{10F7}"),
    (0x1CB8, "\u{10F8}"),
    (0x1CB9, "\u{10F9}"),
    (0x1CBA, "\u{10FA}"),
    (0x1CBD, "\u{10FD}"),
    (0x1CBE, "\u{10FE}"),
    (0x1CBF, "\u{10FF}"),
    (0x1E00, "\u{1E01}"),
    (0x1E02, "\u{1E03}"),
    (0x1E04, "\u{1E05}"),
    (0x1E06, "\u{1E07}"),
    (0x1E08, "\u{1E09}"),
    (0x1E0A, "\u{1E0B}"),
    (0x1E0C, "\u{1E0D}"),
    (0x1E0E, "\u{1E0F}"),
    (0x1E10, "\u{1E11}"),
    (0x1E12, "\u{1E13}"),
    (0x1E14, "\u{1E15}"),
    (0x1E16, "\u{1E17}"),
    (0x1E18, "\u{1E19}"),
    (0x1E1A, "\u{1E1B}"),
    (0x1E1C, "\u{1E1D}"),
    (0x1E1E, "\u{1E1F}"),
    (0x1E20, "\u{1E21}"),
    (0x1E22, "\u{1E23}"),
    (0x1E24, "\u{1E25}"),
    (0x1E26, "\u{1E27}"),
    (0x1E28, "\u{1E29}"),
    (0x1E2A, "\u{1E2B}"),
    (0x1E2C, "\u{1E2D}"),
    (0x1E2E, "\u{1E2F}"),
    (0x1E30, "\u{1E31}"),
    (0x1E32, "\u{1E33}"),
    (0x1E34, "\u{1E35}"),
    (0x1E36, "\u{1E37}"),
    (0x1E38, "\u{1E39}"),
    (0x1E3A, "\u{1E3B}"),
    (0x1E3C, "\u{1E3D}"),
    (0x1E3E, "\u{1E3F}"),
    (0x1E40, "\u{1E41}"),
    (0x1E42, "\u{1E43}"),
    (0x1E44, "\u{1E45}"),
    (0x1E46, "\u{1E47}"),
    (0x1E48, "\u{1E49}"),
    (0x1E4A, "\u{1E4B}"),
    (0x1E4C, "\u{1E4D}"),
    (0x1E4E, "\u{1E4F}"),
    (0x1E50, "\u{1E51}"),
    (0x1E52, "\u{1E53}"),
    (0x1E54, "\u{1E55}"),
    (0x1E56, "\u{1E57}"),
    (0x1E58, "\u{1E59}"),
    (0x1E5A, "\u{1E5B}"),
    (0x1E5C, "\u{1E5D}"),
    (0x1E5E, "\u{1E5F}"),
    (0x1E60, "\u{1E61}"),
    (0x1E62, "\u{1E63}"),
    (0x1E64, "\u{1E65}"),
    (0x1E66, "\u{1E67}"),
    (0x1E68, "\u{1E69}"),
    (0x1E6A, "\u{1E6B}"),
    (0x1E6C, "\u{1E6D}"),
    (0x1E6E, "\u{1E6F}"),
    (0x1E70, "\u{1E71}"),
    (0x1E72, "\u{1E73}"),
    (0x1E74, "\u{1E75}"),
    (0x1E76, "\u{1E77}"),
    (0x1E78, "\u{1E79}"),
    (0x1E7A, "\u{1E7B}"),
    (0x1E7C, "\u{1E7D}"),
    (0x1E7E, "\u{1E7F}"),
    (0x1E80, "\u{1E81}"),
    (0x1E82, "\u{1E83}"),
    (0x1E84, "\u{1E85}"),
    (0x1E86, "\u{1E87}"),
    (0x1E88, "\u{1E89}"),
    (0x1E8A, "\u{1E8B}"),
    (0x1E8C, "\u{1E8D}"),
    (0x1E8E, "\u{1E8F}"),
    (0x1E90, "\u{1E91}"),
    (0x1E92, "\u{1E93}"),
    (0x1E94, "\u{1E95}"),
    (0x1E9E, "\u{DF}"),
    (0x1EA0, "\u{1EA1}"),
    (0x1EA2, "\u{1EA3}"),
    (0x1EA4, "\u{1EA5}"),
    (0x1EA6, "\u{1EA7}"),
    (0x1EA8, "\u{1EA9}"),
    (0x1EAA, "\u{1EAB}"),
    (0x1EAC, "\u{1EAD}"),
    (0x1EAE, "\u{1EAF}"),
    (0x1EB0, "\u{1EB1}"),
    (0x1EB2, "\u{1EB3}"),
    (0x1EB4, "\u{1EB5}"),
    (0x1EB6, "\u{1EB7}"),
    (0x1EB8, "\u{1EB9}"),
    (0x1EBA, "\u{1EBB}"),
    (0x1EBC, "\u{1EBD}"),
    (0x1EBE, "\u{1EBF}"),
    (0x1EC0, "\u{1EC1}"),
    (0x1EC2, "\u{1EC3}"),
    (0x1EC4, "\u{1EC5}"),
    (0x1EC6, "\u{1EC7}"),
    (0x1EC8, "\u{1EC9}"),
    (0x1ECA, "\u{1ECB}"),
    (0x1ECC, "\u{1ECD}"),
    (0x1ECE, "\u{1ECF}"),
    (0x1ED0, "\u{1ED1}"),
    (0x1ED2, "\u{1ED3}"),
    (0x1ED4, "\u{1ED5}"),
    (0x1ED6, "\u{1ED7}"),
    (0x1ED8, "\u{1ED9}"),
    (0x1EDA, "\u{1EDB}"),
    (0x1EDC, "\u{1EDD}"),
    (0x1EDE, "\u{1EDF}"),
    (0x1EE0, "\u{1EE1}"),
    (0x1EE2, "\u{1EE3}"),
    (0x1EE4, "\u{1EE5}"),
    (0x1EE6, "\u{1EE7}"),
    (0x1EE8, "\u{1EE9}"),
    (0x1EEA, "\u{1EEB}"),
    (0x1EEC, "\u{1EED}"),
    (0x1EEE, "\u{1EEF}"),
    (0x1EF0, "\u{1EF1}"),
    (0x1EF2, "\u{1EF3}"),
    (0x1EF4, "\u{1EF5}"),
    (0x1EF6, "\u{1EF7}"),
    (0x1EF8, "\u{1EF9}"),
    (0x1EFA, "\u{1EFB}"),
    (0x1EFC, "\u{1EFD}"),
    (0x1EFE, "\u{1EFF}"),
    (0x1F08, "\u{1F00}"),
    (0x1F09, "\u{1F01}"),
    (0x1F0A, "\u{1F02}"),
    (0x1F0B, "\u{1F03}"),
    (0x1F0C, "\u{1F04}"),
    (0x1F0D, "\u{1F05}"),
    (0x1F0E, "\u{1F06}"),
    (0x1F0F, "\u{1F07}"),
    (0x1F18, "\u{1F10}"),
    (0x1F19, "\u{1F11}"),
    (0x1F1A, "\u{1F12}"),
    (0x1F1B, "\u{1F13}"),
    (0x1F1C, "\u{1F14}"),
    (0x1F1D, "\u{1F15}"),
    (0x1F28, "\u{1F20}"),
    (0x1F29, "\u{1F21}"),
    (0x1F2A, "\u{1F22}"),
    (0x1F2B, "\u{1F23}"),
    (0x1F2C, "\u{1F24}"),
    (0x1F2D, "\u{1F25}"),
    (0x1F2E, "\u{1F26}"),
    (0x1F2F, "\u{1F27}"),
    (0x1F38, "\u{1F30}"),
    (0x1F39, "\u{1F31}"),
    (0x1F3A, "\u{1F32}"),
    (0x1F3B, "\u{1F33}"),
    (0x1F3C, "\u{1F34}"),
    (0x1F3D, "\u{1F35}"),
    (0x1F3E, "\u{1F36}"),
    (0x1F3F, "\u{1F37}"),
    (0x1F48, "\u{1F40}"),
    (0x1F49, "\u{1F41}"),
    (0x1F4A, "\u{1F42}"),
    (0x1F4B, "\u{1F43}"),
    (0x1F4C, "\u{1F44}"),
    (0x1F4D, "\u{1F45}"),
    (0x1F59, "\u{1F51}"),
    (0x1F5B, "\u{1F53}"),
    (0x1F5D, "\u{1F55}"),
    (0x1F5F, "\u{1F57}"),
    (0x1F68, "\u{1F60}"),
    (0x1F69, "\u{1F61}"),
    (0x1F6A, "\u{1F62}"),
    (0x1F6B, "\u{1F63}"),
    (0x1F6C, "\u{1F64}"),
    (0x1F6D, "\u{1F65}"),
    (0x1F6E, "\u{1F66}"),
    (0x1F6F, "\u{1F67}"),
    (0x1F88, "\u{1F80}"),
    (0x1F89, "\u{1F81}"),
    (0x1F8A, "\u{1F82}"),
    (0x1F8B, "\u{1F83}"),
    (0x1F8C, "\u{1F84}"),
    (0x1F8D, "\u{1F85}"),
    (0x1F8E, "\u{1F86}"),
    (0x1F8F, "\u{1F87}"),
    (0x1F98, "\u{1F90}"),
    (0x1F99, "\u{1F91}"),
    (0x1F9A, "\u{1F92}"),
    (0x1F9B, "\u{1F93}"),
    (0x1F9C, "\u{1F94}"),
    (0x1F9D, "\u{1F95}"),
    (0x1F9E, "\u{1F96}"),
    (0x1F9F, "\u{1F97}"),
    (0x1FA8, "\u{1FA0}"),
    (0x1FA9, "\u{1FA1}"),
    (0x1FAA, "\u{1FA2}"),
    (0x1FAB, "\u{1FA3}"),
    (0x1FAC, "\u{1FA4}"),
    (0x1FAD, "\u{1FA5}"),
    (0x1FAE, "\u{1FA6}"),
    (0x1FAF, "\u{1FA7}"),
    (0x1FB8, "\u{1FB0}"),
    (0x1FB9, "\u{1FB1}"),
    (0x1FBA, "\u{1F70}"),
    (0x1FBB, "\u{1F71}"),
    (0x1FBC, "\u{1FB3}"),
    (0x1FC8, "\u{1F72}"),
    (0x1FC9, "\u{1F73}"),
    (0x1FCA, "\u{1F74}"),
    (0x1FCB, "\u{1F75}"),
    (0x1FCC, "\u{1FC3}"),
    (0x1FD8, "\u{1FD0}"),
    (0x1FD9, "\u{1FD1}"),
    (0x1FDA, "\u{1F76}"),
    (0x1FDB, "\u{1F77}"),
    (0x1FE8, "\u{1FE0}"),
    (0x1FE9, "\u{1FE1}"),
    (0x1FEA, "\u{1F7A}"),
    (0x1FEB, "\u{1F7B}"),
    (0x1FEC, "\u{1FE5}"),
    (0x1FF8, "\u{1F78}"),
    (0x1FF9, "\u{1F79}"),
    (0x1FFA, "\u{1F7C}"),
    (0x1FFB, "\u{1F7D}"),
    (0x1FFC, "\u{1FF3}"),
    (0x2126, "\u{3C9}"),
    (0x212A, "k"),
    (0x212B, "\u{E5}"),
    (0x2132, "\u{214E}"),
    (0x2160, "\u{2170}"),
    (0x2161, "\u{2171}"),
    (0x2162, "\u{2172}"),
    (0x2163, "\u{2173}"),
    (0x2164, "\u{2174}"),
    (0x2165, "\u{2175}"),
    (0x2166, "\u{2176}"),
    (0x2167, "\u{2177}"),
    (0x2168, "\u{2178}"),
    (0x2169, "\u{2179}"),
    (0x216A, "\u{217A}"),
    (0x216B, "\u{217B}"),
    (0x216C, "\u{217C}"),
    (0x216D, "\u{217D}"),
    (0x216E, "\u{217E}"),
    (0x216F, "\u{217F}"),
    (0x2183, "\u{2184}"),
    (0x24B6, "\u{24D0}"),
    (0x24B7, "\u{24D1}"),
    (0x24B8, "\u{24D2}"),
    (0x24B9, "\u{24D3}"),
    (0x24BA, "\u{24D4}"),
    (0x24BB, "\u{24D5}"),
    (0x24BC, "\u{24D6}"),
    (0x24BD, "\u{24D7}"),
    (0x24BE, "\u{24D8}"),
    (0x24BF, "\u{24D9}"),
    (0x24C0, "\u{24DA}"),
    (0x24C1, "\u{24DB}"),
    (0x24C2, "\u{24DC}"),
    (0x24C3, "\u{24DD}"),
    (0x24C4, "\u{24DE}"),
    (0x24C5, "\u{24DF}"),
    (0x24C6, "\u{24E0}"),
    (0x24C7, "\u{24E1}"),
    (0x24C8, "\u{24E2}"),
    (0x24C9, "\u{24E3}"),
    (0x24CA, "\u{24E4}"),
    (0x24CB, "\u{24E5}"),
    (0x24CC, "\u{24E6}"),
    (0x24CD, "\u{24E7}"),
    (0x24CE, "\u{24E8}"),
    (0x24CF, "\u{24E9}"),
    (0x2C00, "\u{2C30}"),
    (0x2C01, "\u{2C31}"),
    (0x2C02, "\u{2C32}"),
    (0x2C03, "\u{2C33}"),
    (0x2C04, "\u{2C34}"),
    (0x2C05, "\u{2C35}"),
    (0x2C06, "\u{2C36}"),
    (0x2C07, "\u{2C37}"),
    (0x2C08, "\u{2C38}"),
    (0x2C09, "\u{2C39}"),
    (0x2C0A, "\u{2C3A}"),
    (0x2C0B, "\u{2C3B}"),
    (0x2C0C, "\u{2C3C}"),
    (0x2C0D, "\u{2C3D}"),
    (0x2C0E, "\u{2C3E}"),
    (0x2C0F, "\u{2C3F}"),
    (0x2C10, "\u{2C40}"),
    (0x2C11, "\u{2C41}"),
    (0x2C12, "\u{2C42}"),
    (0x2C13, "\u{2C43}"),
    (0x2C14, "\u{2C44}"),
    (0x2C15, "\u{2C45}"),
    (0x2C16, "\u{2C46}"),
    (0x2C17, "\u{2C47}"),
    (0x2C18, "\u{2C48}"),
    (0x2C19, "\u{2C49}"),
    (0x2C1A, "\u{2C4A}"),
    (0x2C1B, "\u{2C4B}"),
    (0x2C1C, "\u{2C4C}"),
    (0x2C1D, "\u{2C4D}"),
    (0x2C1E, "\u{2C4E}"),
    (0x2C1F, "\u{2C4F}"),
    (0x2C20, "\u{2C50}"),
    (0x2C21, "\u{2C51}"),
    (0x2C22, "\u{2C52}"),
    (0x2C23, "\u{2C53}"),
    (0x2C24, "\u{2C54}"),
    (0x2C25, "\u{2C55}"),
    (0x2C26, "\u{2C56}"),
    (0x2C27, "\u{2C57}"),
    (0x2C28, "\u{2C58}"),
    (0x2C29, "\u{2C59}"),
    (0x2C2A, "\u{2C5A}"),
    (0x2C2B, "\u{2C5B}"),
    (0x2C2C, "\u{2C5C}"),
    (0x2C2D, "\u{2C5D}"),
    (0x2C2E, "\u{2C5E}"),
    (0x2C2F, "\u{2C5F}"),
    (0x2C60, "\u{2C61}"),
    (0x2C62, "\u{26B}"),
    (0x2C63, "\u{1D7D}"),
    (0x2C64, "\u{27D}"),
    (0x2C67, "\u{2C68}"),
    (0x2C69, "\u{2C6A}"),
    (0x2C6B, "\u{2C6C}"),
    (0x2C6D, "\u{251}"),
    (0x2C6E, "\u{271}"),
    (0x2C6F, "\u{250}"),
    (0x2C70, "\u{252}"),
    (0x2C72, "\u{2C73}"),
    (0x2C75, "\u{2C76}"),
    (0x2C7E, "\u{23F}"),
    (0x2C7F, "\u{240}"),
    (0x2C80, "\u{2C81}"),
    (0x2C82, "\u{2C83}"),
    (0x2C84, "\u{2C85}"),
    (0x2C86, "\u{2C87}"),
    (0x2C88, "\u{2C89}"),
    (0x2C8A, "\u{2C8B}"),
    (0x2C8C, "\u{2C8D}"),
    (0x2C8E, "\u{2C8F}"),
    (0x2C90, "\u{2C91}"),
    (0x2C92, "\u{2C93}"),
    (0x2C94, "\u{2C95}"),
    (0x2C96, "\u{2C97}"),
    (0x2C98, "\u{2C99}"),
    (0x2C9A, "\u{2C9B}"),
    (0x2C9C, "\u{2C9D}"),
    (0x2C9E, "\u{2C9F}"),
    (0x2CA0, "\u{2CA1}"),
    (0x2CA2, "\u{2CA3}"),
    (0x2CA4, "\u{2CA5}"),
    (0x2CA6, "\u{2CA7}"),
    (0x2CA8, "\u{2CA9}"),
    (0x2CAA, "\u{2CAB}"),
    (0x2CAC, "\u{2CAD}"),
    (0x2CAE, "\u{2CAF}"),
    (0x2CB0, "\u{2CB1}"),
    (0x2CB2, "\u{2CB3}"),
    (0x2CB4, "\u{2CB5}"),
    (0x2CB6, "\u{2CB7}"),
    (0x2CB8, "\u{2CB9}"),
    (0x2CBA, "\u{2CBB}"),
    (0x2CBC, "\u{2CBD}"),
    (0x2CBE, "\u{2CBF}"),
    (0x2CC0, "\u{2CC1}"),
    (0x2CC2, "\u{2CC3}"),
    (0x2CC4, "\u{2CC5}"),
    (0x2CC6, "\u{2CC7}"),
    (0x2CC8, "\u{2CC9}"),
    (0x2CCA, "\u{2CCB}"),
    (0x2CCC, "\u{2CCD}"),
    (0x2CCE, "\u{2CCF}"),
    (0x2CD0, "\u{2CD1}"),
    (0x2CD2, "\u{2CD3}"),
    (0x2CD4, "\u{2CD5}"),
    (0x2CD6, "\u{2CD7}"),
    (0x2CD8, "\u{2CD9}"),
    (0x2CDA, "\u{2CDB}"),
    (0x2CDC, "\u{2CDD}"),
    (0x2CDE, "\u{2CDF}"),
    (0x2CE0, "\u{2CE1}"),
    (0x2CE2, "\u{2CE3}"),
    (0x2CEB, "\u{2CEC}"),
    (0x2CED, "\u{2CEE}"),
    (0x2CF2, "\u{2CF3}"),
    (0xA640, "\u{A641}"),
    (0xA642, "\u{A643}"),
    (0xA644, "\u{A645}"),
    (0xA646, "\u{A647}"),
    (0xA648, "\u{A649}"),
    (0xA64A, "\u{A64B}"),
    (0xA64C, "\u{A64D}"),
    (0xA64E, "\u{A64F}"),
    (0xA650, "\u{A651}"),
    (0xA652, "\u{A653}"),
    (0xA654, "\u{A655}"),
    (0xA656, "\u{A657}"),
    (0xA658, "\u{A659}"),
    (0xA65A, "\u{A65B}"),
    (0xA65C, "\u{A65D}"),
    (0xA65E, "\u{A65F}"),
    (0xA660, "\u{A661}"),
    (0xA662, "\u{A663}"),
    (0xA664, "\u{A665}"),
    (0xA666, "\u{A667}"),
    (0xA668, "\u{A669}"),
    (0xA66A, "\u{A66B}"),
    (0xA66C, "\u{A66D}"),
    (0xA680, "\u{A681}"),
    (0xA682, "\u{A683}"),
    (0xA684, "\u{A685}"),
    (0xA686, "\u{A687}"),
    (0xA688, "\u{A689}"),
    (0xA68A, "\u{A68B}"),
    (0xA68C, "\u{A68D}"),
    (0xA68E, "\u{A68F}"),
    (0xA690, "\u{A691}"),
    (0xA692, "\u{A693}"),
    (0xA694, "\u{A695}"),
    (0xA696, "\u{A697}"),
    (0xA698, "\u{A699}"),
    (0xA69A, "\u{A69B}"),
    (0xA722, "\u{A723}"),
    (0xA724, "\u{A725}"),
    (0xA726, "\u{A727}"),
    (0xA728, "\u{A729}"),
    (0xA72A, "\u{A72B}"),
    (0xA72C, "\u{A72D}"),
    (0xA72E, "\u{A72F}"),
    (0xA732, "\u{A733}"),
    (0xA734, "\u{A735}"),
    (0xA736, "\u{A737}"),
    (0xA738, "\u{A739}"),
    (0xA73A, "\u{A73B}"),
    (0xA73C, "\u{A73D}"),
    (0xA73E, "\u{A73F}"),
    (0xA740, "\u{A741}"),
    (0xA742, "\u{A743}"),
    (0xA744, "\u{A745}"),
    (0xA746, "\u{A747}"),
    (0xA748, "\u{A749}"),
    (0xA74A, "\u{A74B}"),
    (0xA74C, "\u{A74D}"),
    (0xA74E, "\u{A74F}"),
    (0xA750, "\u{A751}"),
    (0xA752, "\u{A753}"),
    (0xA754, "\u{A755}"),
    (0xA756, "\u{A757}"),
    (0xA758, "\u{A759}"),
    (0xA75A, "\u{A75B}"),
    (0xA75C, "\u{A75D}"),
    (0xA75E, "\u{A75F}"),
    (0xA760, "\u{A761}"),
    (0xA762, "\u{A763}"),
    (0xA764, "\u{A765}"),
    (0xA766, "\u{A767}"),
    (0xA768, "\u{A769}"),
    (0xA76A, "\u{A76B}"),
    (0xA76C, "\u{A76D}"),
    (0xA76E, "\u{A76F}"),
    (0xA779, "\u{A77A}"),
    (0xA77B, "\u{A77C}"),
    (0xA77D, "\u{1D79}"),
    (0xA77E, "\u{A77F}"),
    (0xA780, "\u{A781}"),
    (0xA782, "\u{A783}"),
    (0xA784, "\u{A785}"),
    (0xA786, "\u{A787}"),
    (0xA78B, "\u{A78C}"),
    (0xA78D, "\u{265}"),
    (0xA790, "\u{A791}"),
    (0xA792, "\u{A793}"),
    (0xA796, "\u{A797}"),
    (0xA798, "\u{A799}"),
    (0xA79A, "\u{A79B}"),
    (0xA79C, "\u{A79D}"),
    (0xA79E, "\u{A79F}"),
    (0xA7A0, "\u{A7A1}"),
    (0xA7A2, "\u{A7A3}"),
    (0xA7A4, "\u{A7A5}"),
    (0xA7A6, "\u{A7A7}"),
    (0xA7A8, "\u{A7A9}"),
    (0xA7AA, "\u{266}"),
    (0xA7AB, "\u{25C}"),
    (0xA7AC, "\u{261}"),
    (0xA7AD, "\u{26C}"),
    (0xA7AE, "\u{26A}"),
    (0xA7B0, "\u{29E}"),
    (0xA7B1, "\u{287}"),
    (0xA7B2, "\u{29D}"),
    (0xA7B3, "\u{AB53}"),
    (0xA7B4, "\u{A7B5}"),
    (0xA7B6, "\u{A7B7}"),
    (0xA7B8, "\u{A7B9}"),
    (0xA7BA, "\u{A7BB}"),
    (0xA7BC, "\u{A7BD}"),
    (0xA7BE, "\u{A7BF}"),
    (0xA7C0, "\u{A7C1}"),
    (0xA7C2, "\u{A7C3}"),
    (0xA7C4, "\u{A794}"),
    (0xA7C5, "\u{282}"),
    (0xA7C6, "\u{1D8E}"),
    (0xA7C7, "\u{A7C8}"),
    (0xA7C9, "\u{A7CA}"),
    (0xA7CB, "\u{264}"),
    (0xA7CC, "\u{A7CD}"),
    (0xA7CE, "\u{A7CF}"),
    (0xA7D0, "\u{A7D1}"),
    (0xA7D2, "\u{A7D3}"),
    (0xA7D4, "\u{A7D5}"),
    (0xA7D6, "\u{A7D7}"),
    (0xA7D8, "\u{A7D9}"),
    (0xA7DA, "\u{A7DB}"),
    (0xA7DC, "\u{19B}"),
    (0xA7F5, "\u{A7F6}"),
    (0xFF21, "\u{FF41}"),
    (0xFF22, "\u{FF42}"),
    (0xFF23, "\u{FF43}"),
    (0xFF24, "\u{FF44}"),
    (0xFF25, "\u{FF45}"),
    (0xFF26, "\u{FF46}"),
    (0xFF27, "\u{FF47}"),
    (0xFF28, "\u{FF48}"),
    (0xFF29, "\u{FF49}"),
    (0xFF2A, "\u{FF4A}"),
    (0xFF2B, "\u{FF4B}"),
    (0xFF2C, "\u{FF4C}"),
    (0xFF2D, "\u{FF4D}"),
    (0xFF2E, "\u{FF4E}"),
    (0xFF2F, "\u{FF4F}"),
    (0xFF30, "\u{FF50}"),
    (0xFF31, "\u{FF51}"),
    (0xFF32, "\u{FF52}"),
    (0xFF33, "\u{FF53}"),
    (0xFF34, "\u{FF54}"),
    (0xFF35, "\u{FF55}"),
    (0xFF36, "\u{FF56}"),
    (0xFF37, "\u{FF57}"),
    (0xFF38, "\u{FF58}"),
    (0xFF39, "\u{FF59}"),
    (0xFF3A, "\u{FF5A}"),
    (0x10400, "\u{10428}"),
    (0x10401, "\u{10429}"),
    (0x10402, "\u{1042A}"),
    (0x10403, "\u{1042B}"),
    (0x10404, "\u{1042C}"),
    (0x10405, "\u{1042D}"),
    (0x10406, "\u{1042E}"),
    (0x10407, "\u{1042F}"),
    (0x10408, "\u{10430}"),
    (0x10409, "\u{10431}"),
    (0x1040A, "\u{10432}"),
    (0x1040B, "\u{10433}"),
    (0x1040C, "\u{10434}"),
    (0x1040D, "\u{10435}"),
    (0x1040E, "\u{10436}"),
    (0x1040F, "\u{10437}"),
    (0x10410, "\u{10438}"),
    (0x10411, "\u{10439}"),
    (0x10412, "\u{1043A}"),
    (0x10413, "\u{1043B}"),
    (0x10414, "\u{1043C}"),
    (0x10415, "\u{1043D}"),
    (0x10416, "\u{1043E}"),
    (0x10417, "\u{1043F}"),
    (0x10418, "\u{10440}"),
    (0x10419, "\u{10441}"),
    (0x1041A, "\u{10442}"),
    (0x1041B, "\u{10443}"),
    (0x1041C, "\u{10444}"),
    (0x1041D, "\u{10445}"),
    (0x1041E, "\u{10446}"),
    (0x1041F, "\u{10447}"),
    (0x10420, "\u{10448}"),
    (0x10421, "\u{10449}"),
    (0x10422, "\u{1044A}"),
    (0x10423, "\u{1044B}"),
    (0x10424, "\u{1044C}"),
    (0x10425, "\u{1044D}"),
    (0x10426, "\u{1044E}"),
    (0x10427, "\u{1044F}"),
    (0x104B0, "\u{104D8}"),
    (0x104B1, "\u{104D9}"),
    (0x104B2, "\u{104DA}"),
    (0x104B3, "\u{104DB}"),
    (0x104B4, "\u{104DC}"),
    (0x104B5, "\u{104DD}"),
    (0x104B6, "\u{104DE}"),
    (0x104B7, "\u{104DF}"),
    (0x104B8, "\u{104E0}"),
    (0x104B9, "\u{104E1}"),
    (0x104BA, "\u{104E2}"),
    (0x104BB, "\u{104E3}"),
    (0x104BC, "\u{104E4}"),
    (0x104BD, "\u{104E5}"),
    (0x104BE, "\u{104E6}"),
    (0x104BF, "\u{104E7}"),
    (0x104C0, "\u{104E8}"),
    (0x104C1, "\u{104E9}"),
    (0x104C2, "\u{104EA}"),
    (0x104C3, "\u{104EB}"),
    (0x104C4, "\u{104EC}"),
    (0x104C5, "\u{104ED}"),
    (0x104C6, "\u{104EE}"),
    (0x104C7, "\u{104EF}"),
    (0x104C8, "\u{104F0}"),
    (0x104C9, "\u{104F1}"),
    (0x104CA, "\u{104F2}"),
    (0x104CB, "\u{104F3}"),
    (0x104CC, "\u{104F4}"),
    (0x104CD, "\u{104F5}"),
    (0x104CE, "\u{104F6}"),
    (0x104CF, "\u{104F7}"),
    (0x104D0, "\u{104F8}"),
    (0x104D1, "\u{104F9}"),
    (0x104D2, "\u{104FA}"),
    (0x104D3, "\u{104FB}"),
    (0x10570, "\u{10597}"),
    (0x10571, "\u{10598}"),
    (0x10572, "\u{10599}"),
    (0x10573, "\u{1059A}"),
    (0x10574, "\u{1059B}"),
    (0x10575, "\u{1059C}"),
    (0x10576, "\u{1059D}"),
    (0x10577, "\u{1059E}"),
    (0x10578, "\u{1059F}"),
    (0x10579, "\u{105A0}"),
    (0x1057A, "\u{105A1}"),
    (0x1057C, "\u{105A3}"),
    (0x1057D, "\u{105A4}"),
    (0x1057E, "\u{105A5}"),
    (0x1057F, "\u{105A6}"),
    (0x10580, "\u{105A7}"),
    (0x10581, "\u{105A8}"),
    (0x10582, "\u{105A9}"),
    (0x10583, "\u{105AA}"),
    (0x10584, "\u{105AB}"),
    (0x10585, "\u{105AC}"),
    (0x10586, "\u{105AD}"),
    (0x10587, "\u{105AE}"),
    (0x10588, "\u{105AF}"),
    (0x10589, "\u{105B0}"),
    (0x1058A, "\u{105B1}"),
    (0x1058C, "\u{105B3}"),
    (0x1058D, "\u{105B4}"),
    (0x1058E, "\u{105B5}"),
    (0x1058F, "\u{105B6}"),
    (0x10590, "\u{105B7}"),
    (0x10591, "\u{105B8}"),
    (0x10592, "\u{105B9}"),
    (0x10594, "\u{105BB}"),
    (0x10595, "\u{105BC}"),
    (0x10C80, "\u{10CC0}"),
    (0x10C81, "\u{10CC1}"),
    (0x10C82, "\u{10CC2}"),
    (0x10C83, "\u{10CC3}"),
    (0x10C84, "\u{10CC4}"),
    (0x10C85, "\u{10CC5}"),
    (0x10C86, "\u{10CC6}"),
    (0x10C87, "\u{10CC7}"),
    (0x10C88, "\u{10CC8}"),
    (0x10C89, "\u{10CC9}"),
    (0x10C8A, "\u{10CCA}"),
    (0x10C8B, "\u{10CCB}"),
    (0x10C8C, "\u{10CCC}"),
    (0x10C8D, "\u{10CCD}"),
    (0x10C8E, "\u{10CCE}"),
    (0x10C8F, "\u{10CCF}"),
    (0x10C90, "\u{10CD0}"),
    (0x10C91, "\u{10CD1}"),
    (0x10C92, "\u{10CD2}"),
    (0x10C93, "\u{10CD3}"),
    (0x10C94, "\u{10CD4}"),
    (0x10C95, "\u{10CD5}"),
    (0x10C96, "\u{10CD6}"),
    (0x10C97, "\u{10CD7}"),
    (0x10C98, "\u{10CD8}"),
    (0x10C99, "\u{10CD9}"),
    (0x10C9A, "\u{10CDA}"),
    (0x10C9B, "\u{10CDB}"),
    (0x10C9C, "\u{10CDC}"),
    (0x10C9D, "\u{10CDD}"),
    (0x10C9E, "\u{10CDE}"),
    (0x10C9F, "\u{10CDF}"),
    (0x10CA0, "\u{10CE0}"),
    (0x10CA1, "\u{10CE1}"),
    (0x10CA2, "\u{10CE2}"),
    (0x10CA3, "\u{10CE3}"),
    (0x10CA4, "\u{10CE4}"),
    (0x10CA5, "\u{10CE5}"),
    (0x10CA6, "\u{10CE6}"),
    (0x10CA7, "\u{10CE7}"),
    (0x10CA8, "\u{10CE8}"),
    (0x10CA9, "\u{10CE9}"),
    (0x10CAA, "\u{10CEA}"),
    (0x10CAB, "\u{10CEB}"),
    (0x10CAC, "\u{10CEC}"),
    (0x10CAD, "\u{10CED}"),
    (0x10CAE, "\u{10CEE}"),
    (0x10CAF, "\u{10CEF}"),
    (0x10CB0, "\u{10CF0}"),
    (0x10CB1, "\u{10CF1}"),
    (0x10CB2, "\u{10CF2}"),
    (0x10D50, "\u{10D70}"),
    (0x10D51, "\u{10D71}"),
    (0x10D52, "\u{10D72}"),
    (0x10D53, "\u{10D73}"),
    (0x10D54, "\u{10D74}"),
    (0x10D55, "\u{10D75}"),
    (0x10D56, "\u{10D76}"),
    (0x10D57, "\u{10D77}"),
    (0x10D58, "\u{10D78}"),
    (0x10D59, "\u{10D79}"),
    (0x10D5A, "\u{10D7A}"),
    (0x10D5B, "\u{10D7B}"),
    (0x10D5C, "\u{10D7C}"),
    (0x10D5D, "\u{10D7D}"),
    (0x10D5E, "\u{10D7E}"),
    (0x10D5F, "\u{10D7F}"),
    (0x10D60, "\u{10D80}"),
    (0x10D61, "\u{10D81}"),
    (0x10D62, "\u{10D82}"),
    (0x10D63, "\u{10D83}"),
    (0x10D64, "\u{10D84}"),
    (0x10D65, "\u{10D85}"),
    (0x118A0, "\u{118C0}"),
    (0x118A1, "\u{118C1}"),
    (0x118A2, "\u{118C2}"),
    (0x118A3, "\u{118C3}"),
    (0x118A4, "\u{118C4}"),
    (0x118A5, "\u{118C5}"),
    (0x118A6, "\u{118C6}"),
    (0x118A7, "\u{118C7}"),
    (0x118A8, "\u{118C8}"),
    (0x118A9, "\u{118C9}"),
    (0x118AA, "\u{118CA}"),
    (0x118AB, "\u{118CB}"),
    (0x118AC, "\u{118CC}"),
    (0x118AD, "\u{118CD}"),
    (0x118AE, "\u{118CE}"),
    (0x118AF, "\u{118CF}"),
    (0x118B0, "\u{118D0}"),
    (0x118B1, "\u{118D1}"),
    (0x118B2, "\u{118D2}"),
    (0x118B3, "\u{118D3}"),
    (0x118B4, "\u{118D4}"),
    (0x118B5, "\u{118D5}"),
    (0x118B6, "\u{118D6}"),
    (0x118B7, "\u{118D7}"),
    (0x118B8, "\u{118D8}"),
    (0x118B9, "\u{118D9}"),
    (0x118BA, "\u{118DA}"),
    (0x118BB, "\u{118DB}"),
    (0x118BC, "\u{118DC}"),
    (0x118BD, "\u{118DD}"),
    (0x118BE, "\u{118DE}"),
    (0x118BF, "\u{118DF}"),
    (0x16E40, "\u{16E60}"),
    (0x16E41, "\u{16E61}"),
    (0x16E42, "\u{16E62}"),
    (0x16E43, "\u{16E63}"),
    (0x16E44, "\u{16E64}"),
    (0x16E45, "\u{16E65}"),
    (0x16E46, "\u{16E66}"),
    (0x16E47, "\u{16E67}"),
    (0x16E48, "\u{16E68}"),
    (0x16E49, "\u{16E69}"),
    (0x16E4A, "\u{16E6A}"),
    (0x16E4B, "\u{16E6B}"),
    (0x16E4C, "\u{16E6C}"),
    (0x16E4D, "\u{16E6D}"),
    (0x16E4E, "\u{16E6E}"),
    (0x16E4F, "\u{16E6F}"),
    (0x16E50, "\u{16E70}"),
    (0x16E51, "\u{16E71}"),
    (0x16E52, "\u{16E72}"),
    (0x16E53, "\u{16E73}"),
    (0x16E54, "\u{16E74}"),
    (0x16E55, "\u{16E75}"),
    (0x16E56, "\u{16E76}"),
    (0x16E57, "\u{16E77}"),
    (0x16E58, "\u{16E78}"),
    (0x16E59, "\u{16E79}"),
    (0x16E5A, "\u{16E7A}"),
    (0x16E5B, "\u{16E7B}"),
    (0x16E5C, "\u{16E7C}"),
    (0x16E5D, "\u{16E7D}"),
    (0x16E5E, "\u{16E7E}"),
    (0x16E5F, "\u{16E7F}"),
    (0x16EA0, "\u{16EBB}"),
    (0x16EA1, "\u{16EBC}"),
    (0x16EA2, "\u{16EBD}"),
    (0x16EA3, "\u{16EBE}"),
    (0x16EA4, "\u{16EBF}"),
    (0x16EA5, "\u{16EC0}"),
    (0x16EA6, "\u{16EC1}"),
    (0x16EA7, "\u{16EC2}"),
    (0x16EA8, "\u{16EC3}"),
    (0x16EA9, "\u{16EC4}"),
    (0x16EAA, "\u{16EC5}"),
    (0x16EAB, "\u{16EC6}"),
    (0x16EAC, "\u{16EC7}"),
    (0x16EAD, "\u{16EC8}"),
    (0x16EAE, "\u{16EC9}"),
    (0x16EAF, "\u{16ECA}"),
    (0x16EB0, "\u{16ECB}"),
    (0x16EB1, "\u{16ECC}"),
    (0x16EB2, "\u{16ECD}"),
    (0x16EB3, "\u{16ECE}"),
    (0x16EB4, "\u{16ECF}"),
    (0x16EB5, "\u{16ED0}"),
    (0x16EB6, "\u{16ED1}"),
    (0x16EB7, "\u{16ED2}"),
    (0x16EB8, "\u{16ED3}"),
    (0x1E900, "\u{1E922}"),
    (0x1E901, "\u{1E923}"),
    (0x1E902, "\u{1E924}"),
    (0x1E903, "\u{1E925}"),
    (0x1E904, "\u{1E926}"),
    (0x1E905, "\u{1E927}"),
    (0x1E906, "\u{1E928}"),
    (0x1E907, "\u{1E929}"),
    (0x1E908, "\u{1E92A}"),
    (0x1E909, "\u{1E92B}"),
    (0x1E90A, "\u{1E92C}"),
    (0x1E90B, "\u{1E92D}"),
    (0x1E90C, "\u{1E92E}"),
    (0x1E90D, "\u{1E92F}"),
    (0x1E90E, "\u{1E930}"),
    (0x1E90F, "\u{1E931}"),
    (0x1E910, "\u{1E932}"),
    (0x1E911, "\u{1E933}"),
    (0x1E912, "\u{1E934}"),
    (0x1E913, "\u{1E935}"),
    (0x1E914, "\u{1E936}"),
    (0x1E915, "\u{1E937}"),
    (0x1E916, "\u{1E938}"),
    (0x1E917, "\u{1E939}"),
    (0x1E918, "\u{1E93A}"),
    (0x1E919, "\u{1E93B}"),
    (0x1E91A, "\u{1E93C}"),
    (0x1E91B, "\u{1E93D}"),
    (0x1E91C, "\u{1E93E}"),
    (0x1E91D, "\u{1E93F}"),
    (0x1E91E, "\u{1E940}"),
    (0x1E91F, "\u{1E941}"),
    (0x1E920, "\u{1E942}"),
    (0x1E921, "\u{1E943}"),
];

/// `Unicode.Scalar.Properties.uppercaseMapping` wherever it is not the scalar itself.
pub static UPPERCASE_MAPPING: &[(u32, &str)] = &[
    (0x61, "A"),
    (0x62, "B"),
    (0x63, "C"),
    (0x64, "D"),
    (0x65, "E"),
    (0x66, "F"),
    (0x67, "G"),
    (0x68, "H"),
    (0x69, "I"),
    (0x6A, "J"),
    (0x6B, "K"),
    (0x6C, "L"),
    (0x6D, "M"),
    (0x6E, "N"),
    (0x6F, "O"),
    (0x70, "P"),
    (0x71, "Q"),
    (0x72, "R"),
    (0x73, "S"),
    (0x74, "T"),
    (0x75, "U"),
    (0x76, "V"),
    (0x77, "W"),
    (0x78, "X"),
    (0x79, "Y"),
    (0x7A, "Z"),
    (0xB5, "\u{39C}"),
    (0xDF, "SS"),
    (0xE0, "\u{C0}"),
    (0xE1, "\u{C1}"),
    (0xE2, "\u{C2}"),
    (0xE3, "\u{C3}"),
    (0xE4, "\u{C4}"),
    (0xE5, "\u{C5}"),
    (0xE6, "\u{C6}"),
    (0xE7, "\u{C7}"),
    (0xE8, "\u{C8}"),
    (0xE9, "\u{C9}"),
    (0xEA, "\u{CA}"),
    (0xEB, "\u{CB}"),
    (0xEC, "\u{CC}"),
    (0xED, "\u{CD}"),
    (0xEE, "\u{CE}"),
    (0xEF, "\u{CF}"),
    (0xF0, "\u{D0}"),
    (0xF1, "\u{D1}"),
    (0xF2, "\u{D2}"),
    (0xF3, "\u{D3}"),
    (0xF4, "\u{D4}"),
    (0xF5, "\u{D5}"),
    (0xF6, "\u{D6}"),
    (0xF8, "\u{D8}"),
    (0xF9, "\u{D9}"),
    (0xFA, "\u{DA}"),
    (0xFB, "\u{DB}"),
    (0xFC, "\u{DC}"),
    (0xFD, "\u{DD}"),
    (0xFE, "\u{DE}"),
    (0xFF, "\u{178}"),
    (0x101, "\u{100}"),
    (0x103, "\u{102}"),
    (0x105, "\u{104}"),
    (0x107, "\u{106}"),
    (0x109, "\u{108}"),
    (0x10B, "\u{10A}"),
    (0x10D, "\u{10C}"),
    (0x10F, "\u{10E}"),
    (0x111, "\u{110}"),
    (0x113, "\u{112}"),
    (0x115, "\u{114}"),
    (0x117, "\u{116}"),
    (0x119, "\u{118}"),
    (0x11B, "\u{11A}"),
    (0x11D, "\u{11C}"),
    (0x11F, "\u{11E}"),
    (0x121, "\u{120}"),
    (0x123, "\u{122}"),
    (0x125, "\u{124}"),
    (0x127, "\u{126}"),
    (0x129, "\u{128}"),
    (0x12B, "\u{12A}"),
    (0x12D, "\u{12C}"),
    (0x12F, "\u{12E}"),
    (0x131, "I"),
    (0x133, "\u{132}"),
    (0x135, "\u{134}"),
    (0x137, "\u{136}"),
    (0x13A, "\u{139}"),
    (0x13C, "\u{13B}"),
    (0x13E, "\u{13D}"),
    (0x140, "\u{13F}"),
    (0x142, "\u{141}"),
    (0x144, "\u{143}"),
    (0x146, "\u{145}"),
    (0x148, "\u{147}"),
    (0x149, "\u{2BC}N"),
    (0x14B, "\u{14A}"),
    (0x14D, "\u{14C}"),
    (0x14F, "\u{14E}"),
    (0x151, "\u{150}"),
    (0x153, "\u{152}"),
    (0x155, "\u{154}"),
    (0x157, "\u{156}"),
    (0x159, "\u{158}"),
    (0x15B, "\u{15A}"),
    (0x15D, "\u{15C}"),
    (0x15F, "\u{15E}"),
    (0x161, "\u{160}"),
    (0x163, "\u{162}"),
    (0x165, "\u{164}"),
    (0x167, "\u{166}"),
    (0x169, "\u{168}"),
    (0x16B, "\u{16A}"),
    (0x16D, "\u{16C}"),
    (0x16F, "\u{16E}"),
    (0x171, "\u{170}"),
    (0x173, "\u{172}"),
    (0x175, "\u{174}"),
    (0x177, "\u{176}"),
    (0x17A, "\u{179}"),
    (0x17C, "\u{17B}"),
    (0x17E, "\u{17D}"),
    (0x17F, "S"),
    (0x180, "\u{243}"),
    (0x183, "\u{182}"),
    (0x185, "\u{184}"),
    (0x188, "\u{187}"),
    (0x18C, "\u{18B}"),
    (0x192, "\u{191}"),
    (0x195, "\u{1F6}"),
    (0x199, "\u{198}"),
    (0x19A, "\u{23D}"),
    (0x19B, "\u{A7DC}"),
    (0x19E, "\u{220}"),
    (0x1A1, "\u{1A0}"),
    (0x1A3, "\u{1A2}"),
    (0x1A5, "\u{1A4}"),
    (0x1A8, "\u{1A7}"),
    (0x1AD, "\u{1AC}"),
    (0x1B0, "\u{1AF}"),
    (0x1B4, "\u{1B3}"),
    (0x1B6, "\u{1B5}"),
    (0x1B9, "\u{1B8}"),
    (0x1BD, "\u{1BC}"),
    (0x1BF, "\u{1F7}"),
    (0x1C5, "\u{1C4}"),
    (0x1C6, "\u{1C4}"),
    (0x1C8, "\u{1C7}"),
    (0x1C9, "\u{1C7}"),
    (0x1CB, "\u{1CA}"),
    (0x1CC, "\u{1CA}"),
    (0x1CE, "\u{1CD}"),
    (0x1D0, "\u{1CF}"),
    (0x1D2, "\u{1D1}"),
    (0x1D4, "\u{1D3}"),
    (0x1D6, "\u{1D5}"),
    (0x1D8, "\u{1D7}"),
    (0x1DA, "\u{1D9}"),
    (0x1DC, "\u{1DB}"),
    (0x1DD, "\u{18E}"),
    (0x1DF, "\u{1DE}"),
    (0x1E1, "\u{1E0}"),
    (0x1E3, "\u{1E2}"),
    (0x1E5, "\u{1E4}"),
    (0x1E7, "\u{1E6}"),
    (0x1E9, "\u{1E8}"),
    (0x1EB, "\u{1EA}"),
    (0x1ED, "\u{1EC}"),
    (0x1EF, "\u{1EE}"),
    (0x1F0, "J\u{30C}"),
    (0x1F2, "\u{1F1}"),
    (0x1F3, "\u{1F1}"),
    (0x1F5, "\u{1F4}"),
    (0x1F9, "\u{1F8}"),
    (0x1FB, "\u{1FA}"),
    (0x1FD, "\u{1FC}"),
    (0x1FF, "\u{1FE}"),
    (0x201, "\u{200}"),
    (0x203, "\u{202}"),
    (0x205, "\u{204}"),
    (0x207, "\u{206}"),
    (0x209, "\u{208}"),
    (0x20B, "\u{20A}"),
    (0x20D, "\u{20C}"),
    (0x20F, "\u{20E}"),
    (0x211, "\u{210}"),
    (0x213, "\u{212}"),
    (0x215, "\u{214}"),
    (0x217, "\u{216}"),
    (0x219, "\u{218}"),
    (0x21B, "\u{21A}"),
    (0x21D, "\u{21C}"),
    (0x21F, "\u{21E}"),
    (0x223, "\u{222}"),
    (0x225, "\u{224}"),
    (0x227, "\u{226}"),
    (0x229, "\u{228}"),
    (0x22B, "\u{22A}"),
    (0x22D, "\u{22C}"),
    (0x22F, "\u{22E}"),
    (0x231, "\u{230}"),
    (0x233, "\u{232}"),
    (0x23C, "\u{23B}"),
    (0x23F, "\u{2C7E}"),
    (0x240, "\u{2C7F}"),
    (0x242, "\u{241}"),
    (0x247, "\u{246}"),
    (0x249, "\u{248}"),
    (0x24B, "\u{24A}"),
    (0x24D, "\u{24C}"),
    (0x24F, "\u{24E}"),
    (0x250, "\u{2C6F}"),
    (0x251, "\u{2C6D}"),
    (0x252, "\u{2C70}"),
    (0x253, "\u{181}"),
    (0x254, "\u{186}"),
    (0x256, "\u{189}"),
    (0x257, "\u{18A}"),
    (0x259, "\u{18F}"),
    (0x25B, "\u{190}"),
    (0x25C, "\u{A7AB}"),
    (0x260, "\u{193}"),
    (0x261, "\u{A7AC}"),
    (0x263, "\u{194}"),
    (0x264, "\u{A7CB}"),
    (0x265, "\u{A78D}"),
    (0x266, "\u{A7AA}"),
    (0x268, "\u{197}"),
    (0x269, "\u{196}"),
    (0x26A, "\u{A7AE}"),
    (0x26B, "\u{2C62}"),
    (0x26C, "\u{A7AD}"),
    (0x26F, "\u{19C}"),
    (0x271, "\u{2C6E}"),
    (0x272, "\u{19D}"),
    (0x275, "\u{19F}"),
    (0x27D, "\u{2C64}"),
    (0x280, "\u{1A6}"),
    (0x282, "\u{A7C5}"),
    (0x283, "\u{1A9}"),
    (0x287, "\u{A7B1}"),
    (0x288, "\u{1AE}"),
    (0x289, "\u{244}"),
    (0x28A, "\u{1B1}"),
    (0x28B, "\u{1B2}"),
    (0x28C, "\u{245}"),
    (0x292, "\u{1B7}"),
    (0x29D, "\u{A7B2}"),
    (0x29E, "\u{A7B0}"),
    (0x345, "\u{399}"),
    (0x371, "\u{370}"),
    (0x373, "\u{372}"),
    (0x377, "\u{376}"),
    (0x37B, "\u{3FD}"),
    (0x37C, "\u{3FE}"),
    (0x37D, "\u{3FF}"),
    (0x390, "\u{399}\u{308}\u{301}"),
    (0x3AC, "\u{386}"),
    (0x3AD, "\u{388}"),
    (0x3AE, "\u{389}"),
    (0x3AF, "\u{38A}"),
    (0x3B0, "\u{3A5}\u{308}\u{301}"),
    (0x3B1, "\u{391}"),
    (0x3B2, "\u{392}"),
    (0x3B3, "\u{393}"),
    (0x3B4, "\u{394}"),
    (0x3B5, "\u{395}"),
    (0x3B6, "\u{396}"),
    (0x3B7, "\u{397}"),
    (0x3B8, "\u{398}"),
    (0x3B9, "\u{399}"),
    (0x3BA, "\u{39A}"),
    (0x3BB, "\u{39B}"),
    (0x3BC, "\u{39C}"),
    (0x3BD, "\u{39D}"),
    (0x3BE, "\u{39E}"),
    (0x3BF, "\u{39F}"),
    (0x3C0, "\u{3A0}"),
    (0x3C1, "\u{3A1}"),
    (0x3C2, "\u{3A3}"),
    (0x3C3, "\u{3A3}"),
    (0x3C4, "\u{3A4}"),
    (0x3C5, "\u{3A5}"),
    (0x3C6, "\u{3A6}"),
    (0x3C7, "\u{3A7}"),
    (0x3C8, "\u{3A8}"),
    (0x3C9, "\u{3A9}"),
    (0x3CA, "\u{3AA}"),
    (0x3CB, "\u{3AB}"),
    (0x3CC, "\u{38C}"),
    (0x3CD, "\u{38E}"),
    (0x3CE, "\u{38F}"),
    (0x3D0, "\u{392}"),
    (0x3D1, "\u{398}"),
    (0x3D5, "\u{3A6}"),
    (0x3D6, "\u{3A0}"),
    (0x3D7, "\u{3CF}"),
    (0x3D9, "\u{3D8}"),
    (0x3DB, "\u{3DA}"),
    (0x3DD, "\u{3DC}"),
    (0x3DF, "\u{3DE}"),
    (0x3E1, "\u{3E0}"),
    (0x3E3, "\u{3E2}"),
    (0x3E5, "\u{3E4}"),
    (0x3E7, "\u{3E6}"),
    (0x3E9, "\u{3E8}"),
    (0x3EB, "\u{3EA}"),
    (0x3ED, "\u{3EC}"),
    (0x3EF, "\u{3EE}"),
    (0x3F0, "\u{39A}"),
    (0x3F1, "\u{3A1}"),
    (0x3F2, "\u{3F9}"),
    (0x3F3, "\u{37F}"),
    (0x3F5, "\u{395}"),
    (0x3F8, "\u{3F7}"),
    (0x3FB, "\u{3FA}"),
    (0x430, "\u{410}"),
    (0x431, "\u{411}"),
    (0x432, "\u{412}"),
    (0x433, "\u{413}"),
    (0x434, "\u{414}"),
    (0x435, "\u{415}"),
    (0x436, "\u{416}"),
    (0x437, "\u{417}"),
    (0x438, "\u{418}"),
    (0x439, "\u{419}"),
    (0x43A, "\u{41A}"),
    (0x43B, "\u{41B}"),
    (0x43C, "\u{41C}"),
    (0x43D, "\u{41D}"),
    (0x43E, "\u{41E}"),
    (0x43F, "\u{41F}"),
    (0x440, "\u{420}"),
    (0x441, "\u{421}"),
    (0x442, "\u{422}"),
    (0x443, "\u{423}"),
    (0x444, "\u{424}"),
    (0x445, "\u{425}"),
    (0x446, "\u{426}"),
    (0x447, "\u{427}"),
    (0x448, "\u{428}"),
    (0x449, "\u{429}"),
    (0x44A, "\u{42A}"),
    (0x44B, "\u{42B}"),
    (0x44C, "\u{42C}"),
    (0x44D, "\u{42D}"),
    (0x44E, "\u{42E}"),
    (0x44F, "\u{42F}"),
    (0x450, "\u{400}"),
    (0x451, "\u{401}"),
    (0x452, "\u{402}"),
    (0x453, "\u{403}"),
    (0x454, "\u{404}"),
    (0x455, "\u{405}"),
    (0x456, "\u{406}"),
    (0x457, "\u{407}"),
    (0x458, "\u{408}"),
    (0x459, "\u{409}"),
    (0x45A, "\u{40A}"),
    (0x45B, "\u{40B}"),
    (0x45C, "\u{40C}"),
    (0x45D, "\u{40D}"),
    (0x45E, "\u{40E}"),
    (0x45F, "\u{40F}"),
    (0x461, "\u{460}"),
    (0x463, "\u{462}"),
    (0x465, "\u{464}"),
    (0x467, "\u{466}"),
    (0x469, "\u{468}"),
    (0x46B, "\u{46A}"),
    (0x46D, "\u{46C}"),
    (0x46F, "\u{46E}"),
    (0x471, "\u{470}"),
    (0x473, "\u{472}"),
    (0x475, "\u{474}"),
    (0x477, "\u{476}"),
    (0x479, "\u{478}"),
    (0x47B, "\u{47A}"),
    (0x47D, "\u{47C}"),
    (0x47F, "\u{47E}"),
    (0x481, "\u{480}"),
    (0x48B, "\u{48A}"),
    (0x48D, "\u{48C}"),
    (0x48F, "\u{48E}"),
    (0x491, "\u{490}"),
    (0x493, "\u{492}"),
    (0x495, "\u{494}"),
    (0x497, "\u{496}"),
    (0x499, "\u{498}"),
    (0x49B, "\u{49A}"),
    (0x49D, "\u{49C}"),
    (0x49F, "\u{49E}"),
    (0x4A1, "\u{4A0}"),
    (0x4A3, "\u{4A2}"),
    (0x4A5, "\u{4A4}"),
    (0x4A7, "\u{4A6}"),
    (0x4A9, "\u{4A8}"),
    (0x4AB, "\u{4AA}"),
    (0x4AD, "\u{4AC}"),
    (0x4AF, "\u{4AE}"),
    (0x4B1, "\u{4B0}"),
    (0x4B3, "\u{4B2}"),
    (0x4B5, "\u{4B4}"),
    (0x4B7, "\u{4B6}"),
    (0x4B9, "\u{4B8}"),
    (0x4BB, "\u{4BA}"),
    (0x4BD, "\u{4BC}"),
    (0x4BF, "\u{4BE}"),
    (0x4C2, "\u{4C1}"),
    (0x4C4, "\u{4C3}"),
    (0x4C6, "\u{4C5}"),
    (0x4C8, "\u{4C7}"),
    (0x4CA, "\u{4C9}"),
    (0x4CC, "\u{4CB}"),
    (0x4CE, "\u{4CD}"),
    (0x4CF, "\u{4C0}"),
    (0x4D1, "\u{4D0}"),
    (0x4D3, "\u{4D2}"),
    (0x4D5, "\u{4D4}"),
    (0x4D7, "\u{4D6}"),
    (0x4D9, "\u{4D8}"),
    (0x4DB, "\u{4DA}"),
    (0x4DD, "\u{4DC}"),
    (0x4DF, "\u{4DE}"),
    (0x4E1, "\u{4E0}"),
    (0x4E3, "\u{4E2}"),
    (0x4E5, "\u{4E4}"),
    (0x4E7, "\u{4E6}"),
    (0x4E9, "\u{4E8}"),
    (0x4EB, "\u{4EA}"),
    (0x4ED, "\u{4EC}"),
    (0x4EF, "\u{4EE}"),
    (0x4F1, "\u{4F0}"),
    (0x4F3, "\u{4F2}"),
    (0x4F5, "\u{4F4}"),
    (0x4F7, "\u{4F6}"),
    (0x4F9, "\u{4F8}"),
    (0x4FB, "\u{4FA}"),
    (0x4FD, "\u{4FC}"),
    (0x4FF, "\u{4FE}"),
    (0x501, "\u{500}"),
    (0x503, "\u{502}"),
    (0x505, "\u{504}"),
    (0x507, "\u{506}"),
    (0x509, "\u{508}"),
    (0x50B, "\u{50A}"),
    (0x50D, "\u{50C}"),
    (0x50F, "\u{50E}"),
    (0x511, "\u{510}"),
    (0x513, "\u{512}"),
    (0x515, "\u{514}"),
    (0x517, "\u{516}"),
    (0x519, "\u{518}"),
    (0x51B, "\u{51A}"),
    (0x51D, "\u{51C}"),
    (0x51F, "\u{51E}"),
    (0x521, "\u{520}"),
    (0x523, "\u{522}"),
    (0x525, "\u{524}"),
    (0x527, "\u{526}"),
    (0x529, "\u{528}"),
    (0x52B, "\u{52A}"),
    (0x52D, "\u{52C}"),
    (0x52F, "\u{52E}"),
    (0x561, "\u{531}"),
    (0x562, "\u{532}"),
    (0x563, "\u{533}"),
    (0x564, "\u{534}"),
    (0x565, "\u{535}"),
    (0x566, "\u{536}"),
    (0x567, "\u{537}"),
    (0x568, "\u{538}"),
    (0x569, "\u{539}"),
    (0x56A, "\u{53A}"),
    (0x56B, "\u{53B}"),
    (0x56C, "\u{53C}"),
    (0x56D, "\u{53D}"),
    (0x56E, "\u{53E}"),
    (0x56F, "\u{53F}"),
    (0x570, "\u{540}"),
    (0x571, "\u{541}"),
    (0x572, "\u{542}"),
    (0x573, "\u{543}"),
    (0x574, "\u{544}"),
    (0x575, "\u{545}"),
    (0x576, "\u{546}"),
    (0x577, "\u{547}"),
    (0x578, "\u{548}"),
    (0x579, "\u{549}"),
    (0x57A, "\u{54A}"),
    (0x57B, "\u{54B}"),
    (0x57C, "\u{54C}"),
    (0x57D, "\u{54D}"),
    (0x57E, "\u{54E}"),
    (0x57F, "\u{54F}"),
    (0x580, "\u{550}"),
    (0x581, "\u{551}"),
    (0x582, "\u{552}"),
    (0x583, "\u{553}"),
    (0x584, "\u{554}"),
    (0x585, "\u{555}"),
    (0x586, "\u{556}"),
    (0x587, "\u{535}\u{552}"),
    (0x10D0, "\u{1C90}"),
    (0x10D1, "\u{1C91}"),
    (0x10D2, "\u{1C92}"),
    (0x10D3, "\u{1C93}"),
    (0x10D4, "\u{1C94}"),
    (0x10D5, "\u{1C95}"),
    (0x10D6, "\u{1C96}"),
    (0x10D7, "\u{1C97}"),
    (0x10D8, "\u{1C98}"),
    (0x10D9, "\u{1C99}"),
    (0x10DA, "\u{1C9A}"),
    (0x10DB, "\u{1C9B}"),
    (0x10DC, "\u{1C9C}"),
    (0x10DD, "\u{1C9D}"),
    (0x10DE, "\u{1C9E}"),
    (0x10DF, "\u{1C9F}"),
    (0x10E0, "\u{1CA0}"),
    (0x10E1, "\u{1CA1}"),
    (0x10E2, "\u{1CA2}"),
    (0x10E3, "\u{1CA3}"),
    (0x10E4, "\u{1CA4}"),
    (0x10E5, "\u{1CA5}"),
    (0x10E6, "\u{1CA6}"),
    (0x10E7, "\u{1CA7}"),
    (0x10E8, "\u{1CA8}"),
    (0x10E9, "\u{1CA9}"),
    (0x10EA, "\u{1CAA}"),
    (0x10EB, "\u{1CAB}"),
    (0x10EC, "\u{1CAC}"),
    (0x10ED, "\u{1CAD}"),
    (0x10EE, "\u{1CAE}"),
    (0x10EF, "\u{1CAF}"),
    (0x10F0, "\u{1CB0}"),
    (0x10F1, "\u{1CB1}"),
    (0x10F2, "\u{1CB2}"),
    (0x10F3, "\u{1CB3}"),
    (0x10F4, "\u{1CB4}"),
    (0x10F5, "\u{1CB5}"),
    (0x10F6, "\u{1CB6}"),
    (0x10F7, "\u{1CB7}"),
    (0x10F8, "\u{1CB8}"),
    (0x10F9, "\u{1CB9}"),
    (0x10FA, "\u{1CBA}"),
    (0x10FD, "\u{1CBD}"),
    (0x10FE, "\u{1CBE}"),
    (0x10FF, "\u{1CBF}"),
    (0x13F8, "\u{13F0}"),
    (0x13F9, "\u{13F1}"),
    (0x13FA, "\u{13F2}"),
    (0x13FB, "\u{13F3}"),
    (0x13FC, "\u{13F4}"),
    (0x13FD, "\u{13F5}"),
    (0x1C80, "\u{412}"),
    (0x1C81, "\u{414}"),
    (0x1C82, "\u{41E}"),
    (0x1C83, "\u{421}"),
    (0x1C84, "\u{422}"),
    (0x1C85, "\u{422}"),
    (0x1C86, "\u{42A}"),
    (0x1C87, "\u{462}"),
    (0x1C88, "\u{A64A}"),
    (0x1C8A, "\u{1C89}"),
    (0x1D79, "\u{A77D}"),
    (0x1D7D, "\u{2C63}"),
    (0x1D8E, "\u{A7C6}"),
    (0x1E01, "\u{1E00}"),
    (0x1E03, "\u{1E02}"),
    (0x1E05, "\u{1E04}"),
    (0x1E07, "\u{1E06}"),
    (0x1E09, "\u{1E08}"),
    (0x1E0B, "\u{1E0A}"),
    (0x1E0D, "\u{1E0C}"),
    (0x1E0F, "\u{1E0E}"),
    (0x1E11, "\u{1E10}"),
    (0x1E13, "\u{1E12}"),
    (0x1E15, "\u{1E14}"),
    (0x1E17, "\u{1E16}"),
    (0x1E19, "\u{1E18}"),
    (0x1E1B, "\u{1E1A}"),
    (0x1E1D, "\u{1E1C}"),
    (0x1E1F, "\u{1E1E}"),
    (0x1E21, "\u{1E20}"),
    (0x1E23, "\u{1E22}"),
    (0x1E25, "\u{1E24}"),
    (0x1E27, "\u{1E26}"),
    (0x1E29, "\u{1E28}"),
    (0x1E2B, "\u{1E2A}"),
    (0x1E2D, "\u{1E2C}"),
    (0x1E2F, "\u{1E2E}"),
    (0x1E31, "\u{1E30}"),
    (0x1E33, "\u{1E32}"),
    (0x1E35, "\u{1E34}"),
    (0x1E37, "\u{1E36}"),
    (0x1E39, "\u{1E38}"),
    (0x1E3B, "\u{1E3A}"),
    (0x1E3D, "\u{1E3C}"),
    (0x1E3F, "\u{1E3E}"),
    (0x1E41, "\u{1E40}"),
    (0x1E43, "\u{1E42}"),
    (0x1E45, "\u{1E44}"),
    (0x1E47, "\u{1E46}"),
    (0x1E49, "\u{1E48}"),
    (0x1E4B, "\u{1E4A}"),
    (0x1E4D, "\u{1E4C}"),
    (0x1E4F, "\u{1E4E}"),
    (0x1E51, "\u{1E50}"),
    (0x1E53, "\u{1E52}"),
    (0x1E55, "\u{1E54}"),
    (0x1E57, "\u{1E56}"),
    (0x1E59, "\u{1E58}"),
    (0x1E5B, "\u{1E5A}"),
    (0x1E5D, "\u{1E5C}"),
    (0x1E5F, "\u{1E5E}"),
    (0x1E61, "\u{1E60}"),
    (0x1E63, "\u{1E62}"),
    (0x1E65, "\u{1E64}"),
    (0x1E67, "\u{1E66}"),
    (0x1E69, "\u{1E68}"),
    (0x1E6B, "\u{1E6A}"),
    (0x1E6D, "\u{1E6C}"),
    (0x1E6F, "\u{1E6E}"),
    (0x1E71, "\u{1E70}"),
    (0x1E73, "\u{1E72}"),
    (0x1E75, "\u{1E74}"),
    (0x1E77, "\u{1E76}"),
    (0x1E79, "\u{1E78}"),
    (0x1E7B, "\u{1E7A}"),
    (0x1E7D, "\u{1E7C}"),
    (0x1E7F, "\u{1E7E}"),
    (0x1E81, "\u{1E80}"),
    (0x1E83, "\u{1E82}"),
    (0x1E85, "\u{1E84}"),
    (0x1E87, "\u{1E86}"),
    (0x1E89, "\u{1E88}"),
    (0x1E8B, "\u{1E8A}"),
    (0x1E8D, "\u{1E8C}"),
    (0x1E8F, "\u{1E8E}"),
    (0x1E91, "\u{1E90}"),
    (0x1E93, "\u{1E92}"),
    (0x1E95, "\u{1E94}"),
    (0x1E96, "H\u{331}"),
    (0x1E97, "T\u{308}"),
    (0x1E98, "W\u{30A}"),
    (0x1E99, "Y\u{30A}"),
    (0x1E9A, "A\u{2BE}"),
    (0x1E9B, "\u{1E60}"),
    (0x1EA1, "\u{1EA0}"),
    (0x1EA3, "\u{1EA2}"),
    (0x1EA5, "\u{1EA4}"),
    (0x1EA7, "\u{1EA6}"),
    (0x1EA9, "\u{1EA8}"),
    (0x1EAB, "\u{1EAA}"),
    (0x1EAD, "\u{1EAC}"),
    (0x1EAF, "\u{1EAE}"),
    (0x1EB1, "\u{1EB0}"),
    (0x1EB3, "\u{1EB2}"),
    (0x1EB5, "\u{1EB4}"),
    (0x1EB7, "\u{1EB6}"),
    (0x1EB9, "\u{1EB8}"),
    (0x1EBB, "\u{1EBA}"),
    (0x1EBD, "\u{1EBC}"),
    (0x1EBF, "\u{1EBE}"),
    (0x1EC1, "\u{1EC0}"),
    (0x1EC3, "\u{1EC2}"),
    (0x1EC5, "\u{1EC4}"),
    (0x1EC7, "\u{1EC6}"),
    (0x1EC9, "\u{1EC8}"),
    (0x1ECB, "\u{1ECA}"),
    (0x1ECD, "\u{1ECC}"),
    (0x1ECF, "\u{1ECE}"),
    (0x1ED1, "\u{1ED0}"),
    (0x1ED3, "\u{1ED2}"),
    (0x1ED5, "\u{1ED4}"),
    (0x1ED7, "\u{1ED6}"),
    (0x1ED9, "\u{1ED8}"),
    (0x1EDB, "\u{1EDA}"),
    (0x1EDD, "\u{1EDC}"),
    (0x1EDF, "\u{1EDE}"),
    (0x1EE1, "\u{1EE0}"),
    (0x1EE3, "\u{1EE2}"),
    (0x1EE5, "\u{1EE4}"),
    (0x1EE7, "\u{1EE6}"),
    (0x1EE9, "\u{1EE8}"),
    (0x1EEB, "\u{1EEA}"),
    (0x1EED, "\u{1EEC}"),
    (0x1EEF, "\u{1EEE}"),
    (0x1EF1, "\u{1EF0}"),
    (0x1EF3, "\u{1EF2}"),
    (0x1EF5, "\u{1EF4}"),
    (0x1EF7, "\u{1EF6}"),
    (0x1EF9, "\u{1EF8}"),
    (0x1EFB, "\u{1EFA}"),
    (0x1EFD, "\u{1EFC}"),
    (0x1EFF, "\u{1EFE}"),
    (0x1F00, "\u{1F08}"),
    (0x1F01, "\u{1F09}"),
    (0x1F02, "\u{1F0A}"),
    (0x1F03, "\u{1F0B}"),
    (0x1F04, "\u{1F0C}"),
    (0x1F05, "\u{1F0D}"),
    (0x1F06, "\u{1F0E}"),
    (0x1F07, "\u{1F0F}"),
    (0x1F10, "\u{1F18}"),
    (0x1F11, "\u{1F19}"),
    (0x1F12, "\u{1F1A}"),
    (0x1F13, "\u{1F1B}"),
    (0x1F14, "\u{1F1C}"),
    (0x1F15, "\u{1F1D}"),
    (0x1F20, "\u{1F28}"),
    (0x1F21, "\u{1F29}"),
    (0x1F22, "\u{1F2A}"),
    (0x1F23, "\u{1F2B}"),
    (0x1F24, "\u{1F2C}"),
    (0x1F25, "\u{1F2D}"),
    (0x1F26, "\u{1F2E}"),
    (0x1F27, "\u{1F2F}"),
    (0x1F30, "\u{1F38}"),
    (0x1F31, "\u{1F39}"),
    (0x1F32, "\u{1F3A}"),
    (0x1F33, "\u{1F3B}"),
    (0x1F34, "\u{1F3C}"),
    (0x1F35, "\u{1F3D}"),
    (0x1F36, "\u{1F3E}"),
    (0x1F37, "\u{1F3F}"),
    (0x1F40, "\u{1F48}"),
    (0x1F41, "\u{1F49}"),
    (0x1F42, "\u{1F4A}"),
    (0x1F43, "\u{1F4B}"),
    (0x1F44, "\u{1F4C}"),
    (0x1F45, "\u{1F4D}"),
    (0x1F50, "\u{3A5}\u{313}"),
    (0x1F51, "\u{1F59}"),
    (0x1F52, "\u{3A5}\u{313}\u{300}"),
    (0x1F53, "\u{1F5B}"),
    (0x1F54, "\u{3A5}\u{313}\u{301}"),
    (0x1F55, "\u{1F5D}"),
    (0x1F56, "\u{3A5}\u{313}\u{342}"),
    (0x1F57, "\u{1F5F}"),
    (0x1F60, "\u{1F68}"),
    (0x1F61, "\u{1F69}"),
    (0x1F62, "\u{1F6A}"),
    (0x1F63, "\u{1F6B}"),
    (0x1F64, "\u{1F6C}"),
    (0x1F65, "\u{1F6D}"),
    (0x1F66, "\u{1F6E}"),
    (0x1F67, "\u{1F6F}"),
    (0x1F70, "\u{1FBA}"),
    (0x1F71, "\u{1FBB}"),
    (0x1F72, "\u{1FC8}"),
    (0x1F73, "\u{1FC9}"),
    (0x1F74, "\u{1FCA}"),
    (0x1F75, "\u{1FCB}"),
    (0x1F76, "\u{1FDA}"),
    (0x1F77, "\u{1FDB}"),
    (0x1F78, "\u{1FF8}"),
    (0x1F79, "\u{1FF9}"),
    (0x1F7A, "\u{1FEA}"),
    (0x1F7B, "\u{1FEB}"),
    (0x1F7C, "\u{1FFA}"),
    (0x1F7D, "\u{1FFB}"),
    (0x1F80, "\u{1F08}\u{399}"),
    (0x1F81, "\u{1F09}\u{399}"),
    (0x1F82, "\u{1F0A}\u{399}"),
    (0x1F83, "\u{1F0B}\u{399}"),
    (0x1F84, "\u{1F0C}\u{399}"),
    (0x1F85, "\u{1F0D}\u{399}"),
    (0x1F86, "\u{1F0E}\u{399}"),
    (0x1F87, "\u{1F0F}\u{399}"),
    (0x1F88, "\u{1F08}\u{399}"),
    (0x1F89, "\u{1F09}\u{399}"),
    (0x1F8A, "\u{1F0A}\u{399}"),
    (0x1F8B, "\u{1F0B}\u{399}"),
    (0x1F8C, "\u{1F0C}\u{399}"),
    (0x1F8D, "\u{1F0D}\u{399}"),
    (0x1F8E, "\u{1F0E}\u{399}"),
    (0x1F8F, "\u{1F0F}\u{399}"),
    (0x1F90, "\u{1F28}\u{399}"),
    (0x1F91, "\u{1F29}\u{399}"),
    (0x1F92, "\u{1F2A}\u{399}"),
    (0x1F93, "\u{1F2B}\u{399}"),
    (0x1F94, "\u{1F2C}\u{399}"),
    (0x1F95, "\u{1F2D}\u{399}"),
    (0x1F96, "\u{1F2E}\u{399}"),
    (0x1F97, "\u{1F2F}\u{399}"),
    (0x1F98, "\u{1F28}\u{399}"),
    (0x1F99, "\u{1F29}\u{399}"),
    (0x1F9A, "\u{1F2A}\u{399}"),
    (0x1F9B, "\u{1F2B}\u{399}"),
    (0x1F9C, "\u{1F2C}\u{399}"),
    (0x1F9D, "\u{1F2D}\u{399}"),
    (0x1F9E, "\u{1F2E}\u{399}"),
    (0x1F9F, "\u{1F2F}\u{399}"),
    (0x1FA0, "\u{1F68}\u{399}"),
    (0x1FA1, "\u{1F69}\u{399}"),
    (0x1FA2, "\u{1F6A}\u{399}"),
    (0x1FA3, "\u{1F6B}\u{399}"),
    (0x1FA4, "\u{1F6C}\u{399}"),
    (0x1FA5, "\u{1F6D}\u{399}"),
    (0x1FA6, "\u{1F6E}\u{399}"),
    (0x1FA7, "\u{1F6F}\u{399}"),
    (0x1FA8, "\u{1F68}\u{399}"),
    (0x1FA9, "\u{1F69}\u{399}"),
    (0x1FAA, "\u{1F6A}\u{399}"),
    (0x1FAB, "\u{1F6B}\u{399}"),
    (0x1FAC, "\u{1F6C}\u{399}"),
    (0x1FAD, "\u{1F6D}\u{399}"),
    (0x1FAE, "\u{1F6E}\u{399}"),
    (0x1FAF, "\u{1F6F}\u{399}"),
    (0x1FB0, "\u{1FB8}"),
    (0x1FB1, "\u{1FB9}"),
    (0x1FB2, "\u{1FBA}\u{399}"),
    (0x1FB3, "\u{391}\u{399}"),
    (0x1FB4, "\u{386}\u{399}"),
    (0x1FB6, "\u{391}\u{342}"),
    (0x1FB7, "\u{391}\u{342}\u{399}"),
    (0x1FBC, "\u{391}\u{399}"),
    (0x1FBE, "\u{399}"),
    (0x1FC2, "\u{1FCA}\u{399}"),
    (0x1FC3, "\u{397}\u{399}"),
    (0x1FC4, "\u{389}\u{399}"),
    (0x1FC6, "\u{397}\u{342}"),
    (0x1FC7, "\u{397}\u{342}\u{399}"),
    (0x1FCC, "\u{397}\u{399}"),
    (0x1FD0, "\u{1FD8}"),
    (0x1FD1, "\u{1FD9}"),
    (0x1FD2, "\u{399}\u{308}\u{300}"),
    (0x1FD3, "\u{399}\u{308}\u{301}"),
    (0x1FD6, "\u{399}\u{342}"),
    (0x1FD7, "\u{399}\u{308}\u{342}"),
    (0x1FE0, "\u{1FE8}"),
    (0x1FE1, "\u{1FE9}"),
    (0x1FE2, "\u{3A5}\u{308}\u{300}"),
    (0x1FE3, "\u{3A5}\u{308}\u{301}"),
    (0x1FE4, "\u{3A1}\u{313}"),
    (0x1FE5, "\u{1FEC}"),
    (0x1FE6, "\u{3A5}\u{342}"),
    (0x1FE7, "\u{3A5}\u{308}\u{342}"),
    (0x1FF2, "\u{1FFA}\u{399}"),
    (0x1FF3, "\u{3A9}\u{399}"),
    (0x1FF4, "\u{38F}\u{399}"),
    (0x1FF6, "\u{3A9}\u{342}"),
    (0x1FF7, "\u{3A9}\u{342}\u{399}"),
    (0x1FFC, "\u{3A9}\u{399}"),
    (0x214E, "\u{2132}"),
    (0x2170, "\u{2160}"),
    (0x2171, "\u{2161}"),
    (0x2172, "\u{2162}"),
    (0x2173, "\u{2163}"),
    (0x2174, "\u{2164}"),
    (0x2175, "\u{2165}"),
    (0x2176, "\u{2166}"),
    (0x2177, "\u{2167}"),
    (0x2178, "\u{2168}"),
    (0x2179, "\u{2169}"),
    (0x217A, "\u{216A}"),
    (0x217B, "\u{216B}"),
    (0x217C, "\u{216C}"),
    (0x217D, "\u{216D}"),
    (0x217E, "\u{216E}"),
    (0x217F, "\u{216F}"),
    (0x2184, "\u{2183}"),
    (0x24D0, "\u{24B6}"),
    (0x24D1, "\u{24B7}"),
    (0x24D2, "\u{24B8}"),
    (0x24D3, "\u{24B9}"),
    (0x24D4, "\u{24BA}"),
    (0x24D5, "\u{24BB}"),
    (0x24D6, "\u{24BC}"),
    (0x24D7, "\u{24BD}"),
    (0x24D8, "\u{24BE}"),
    (0x24D9, "\u{24BF}"),
    (0x24DA, "\u{24C0}"),
    (0x24DB, "\u{24C1}"),
    (0x24DC, "\u{24C2}"),
    (0x24DD, "\u{24C3}"),
    (0x24DE, "\u{24C4}"),
    (0x24DF, "\u{24C5}"),
    (0x24E0, "\u{24C6}"),
    (0x24E1, "\u{24C7}"),
    (0x24E2, "\u{24C8}"),
    (0x24E3, "\u{24C9}"),
    (0x24E4, "\u{24CA}"),
    (0x24E5, "\u{24CB}"),
    (0x24E6, "\u{24CC}"),
    (0x24E7, "\u{24CD}"),
    (0x24E8, "\u{24CE}"),
    (0x24E9, "\u{24CF}"),
    (0x2C30, "\u{2C00}"),
    (0x2C31, "\u{2C01}"),
    (0x2C32, "\u{2C02}"),
    (0x2C33, "\u{2C03}"),
    (0x2C34, "\u{2C04}"),
    (0x2C35, "\u{2C05}"),
    (0x2C36, "\u{2C06}"),
    (0x2C37, "\u{2C07}"),
    (0x2C38, "\u{2C08}"),
    (0x2C39, "\u{2C09}"),
    (0x2C3A, "\u{2C0A}"),
    (0x2C3B, "\u{2C0B}"),
    (0x2C3C, "\u{2C0C}"),
    (0x2C3D, "\u{2C0D}"),
    (0x2C3E, "\u{2C0E}"),
    (0x2C3F, "\u{2C0F}"),
    (0x2C40, "\u{2C10}"),
    (0x2C41, "\u{2C11}"),
    (0x2C42, "\u{2C12}"),
    (0x2C43, "\u{2C13}"),
    (0x2C44, "\u{2C14}"),
    (0x2C45, "\u{2C15}"),
    (0x2C46, "\u{2C16}"),
    (0x2C47, "\u{2C17}"),
    (0x2C48, "\u{2C18}"),
    (0x2C49, "\u{2C19}"),
    (0x2C4A, "\u{2C1A}"),
    (0x2C4B, "\u{2C1B}"),
    (0x2C4C, "\u{2C1C}"),
    (0x2C4D, "\u{2C1D}"),
    (0x2C4E, "\u{2C1E}"),
    (0x2C4F, "\u{2C1F}"),
    (0x2C50, "\u{2C20}"),
    (0x2C51, "\u{2C21}"),
    (0x2C52, "\u{2C22}"),
    (0x2C53, "\u{2C23}"),
    (0x2C54, "\u{2C24}"),
    (0x2C55, "\u{2C25}"),
    (0x2C56, "\u{2C26}"),
    (0x2C57, "\u{2C27}"),
    (0x2C58, "\u{2C28}"),
    (0x2C59, "\u{2C29}"),
    (0x2C5A, "\u{2C2A}"),
    (0x2C5B, "\u{2C2B}"),
    (0x2C5C, "\u{2C2C}"),
    (0x2C5D, "\u{2C2D}"),
    (0x2C5E, "\u{2C2E}"),
    (0x2C5F, "\u{2C2F}"),
    (0x2C61, "\u{2C60}"),
    (0x2C65, "\u{23A}"),
    (0x2C66, "\u{23E}"),
    (0x2C68, "\u{2C67}"),
    (0x2C6A, "\u{2C69}"),
    (0x2C6C, "\u{2C6B}"),
    (0x2C73, "\u{2C72}"),
    (0x2C76, "\u{2C75}"),
    (0x2C81, "\u{2C80}"),
    (0x2C83, "\u{2C82}"),
    (0x2C85, "\u{2C84}"),
    (0x2C87, "\u{2C86}"),
    (0x2C89, "\u{2C88}"),
    (0x2C8B, "\u{2C8A}"),
    (0x2C8D, "\u{2C8C}"),
    (0x2C8F, "\u{2C8E}"),
    (0x2C91, "\u{2C90}"),
    (0x2C93, "\u{2C92}"),
    (0x2C95, "\u{2C94}"),
    (0x2C97, "\u{2C96}"),
    (0x2C99, "\u{2C98}"),
    (0x2C9B, "\u{2C9A}"),
    (0x2C9D, "\u{2C9C}"),
    (0x2C9F, "\u{2C9E}"),
    (0x2CA1, "\u{2CA0}"),
    (0x2CA3, "\u{2CA2}"),
    (0x2CA5, "\u{2CA4}"),
    (0x2CA7, "\u{2CA6}"),
    (0x2CA9, "\u{2CA8}"),
    (0x2CAB, "\u{2CAA}"),
    (0x2CAD, "\u{2CAC}"),
    (0x2CAF, "\u{2CAE}"),
    (0x2CB1, "\u{2CB0}"),
    (0x2CB3, "\u{2CB2}"),
    (0x2CB5, "\u{2CB4}"),
    (0x2CB7, "\u{2CB6}"),
    (0x2CB9, "\u{2CB8}"),
    (0x2CBB, "\u{2CBA}"),
    (0x2CBD, "\u{2CBC}"),
    (0x2CBF, "\u{2CBE}"),
    (0x2CC1, "\u{2CC0}"),
    (0x2CC3, "\u{2CC2}"),
    (0x2CC5, "\u{2CC4}"),
    (0x2CC7, "\u{2CC6}"),
    (0x2CC9, "\u{2CC8}"),
    (0x2CCB, "\u{2CCA}"),
    (0x2CCD, "\u{2CCC}"),
    (0x2CCF, "\u{2CCE}"),
    (0x2CD1, "\u{2CD0}"),
    (0x2CD3, "\u{2CD2}"),
    (0x2CD5, "\u{2CD4}"),
    (0x2CD7, "\u{2CD6}"),
    (0x2CD9, "\u{2CD8}"),
    (0x2CDB, "\u{2CDA}"),
    (0x2CDD, "\u{2CDC}"),
    (0x2CDF, "\u{2CDE}"),
    (0x2CE1, "\u{2CE0}"),
    (0x2CE3, "\u{2CE2}"),
    (0x2CEC, "\u{2CEB}"),
    (0x2CEE, "\u{2CED}"),
    (0x2CF3, "\u{2CF2}"),
    (0x2D00, "\u{10A0}"),
    (0x2D01, "\u{10A1}"),
    (0x2D02, "\u{10A2}"),
    (0x2D03, "\u{10A3}"),
    (0x2D04, "\u{10A4}"),
    (0x2D05, "\u{10A5}"),
    (0x2D06, "\u{10A6}"),
    (0x2D07, "\u{10A7}"),
    (0x2D08, "\u{10A8}"),
    (0x2D09, "\u{10A9}"),
    (0x2D0A, "\u{10AA}"),
    (0x2D0B, "\u{10AB}"),
    (0x2D0C, "\u{10AC}"),
    (0x2D0D, "\u{10AD}"),
    (0x2D0E, "\u{10AE}"),
    (0x2D0F, "\u{10AF}"),
    (0x2D10, "\u{10B0}"),
    (0x2D11, "\u{10B1}"),
    (0x2D12, "\u{10B2}"),
    (0x2D13, "\u{10B3}"),
    (0x2D14, "\u{10B4}"),
    (0x2D15, "\u{10B5}"),
    (0x2D16, "\u{10B6}"),
    (0x2D17, "\u{10B7}"),
    (0x2D18, "\u{10B8}"),
    (0x2D19, "\u{10B9}"),
    (0x2D1A, "\u{10BA}"),
    (0x2D1B, "\u{10BB}"),
    (0x2D1C, "\u{10BC}"),
    (0x2D1D, "\u{10BD}"),
    (0x2D1E, "\u{10BE}"),
    (0x2D1F, "\u{10BF}"),
    (0x2D20, "\u{10C0}"),
    (0x2D21, "\u{10C1}"),
    (0x2D22, "\u{10C2}"),
    (0x2D23, "\u{10C3}"),
    (0x2D24, "\u{10C4}"),
    (0x2D25, "\u{10C5}"),
    (0x2D27, "\u{10C7}"),
    (0x2D2D, "\u{10CD}"),
    (0xA641, "\u{A640}"),
    (0xA643, "\u{A642}"),
    (0xA645, "\u{A644}"),
    (0xA647, "\u{A646}"),
    (0xA649, "\u{A648}"),
    (0xA64B, "\u{A64A}"),
    (0xA64D, "\u{A64C}"),
    (0xA64F, "\u{A64E}"),
    (0xA651, "\u{A650}"),
    (0xA653, "\u{A652}"),
    (0xA655, "\u{A654}"),
    (0xA657, "\u{A656}"),
    (0xA659, "\u{A658}"),
    (0xA65B, "\u{A65A}"),
    (0xA65D, "\u{A65C}"),
    (0xA65F, "\u{A65E}"),
    (0xA661, "\u{A660}"),
    (0xA663, "\u{A662}"),
    (0xA665, "\u{A664}"),
    (0xA667, "\u{A666}"),
    (0xA669, "\u{A668}"),
    (0xA66B, "\u{A66A}"),
    (0xA66D, "\u{A66C}"),
    (0xA681, "\u{A680}"),
    (0xA683, "\u{A682}"),
    (0xA685, "\u{A684}"),
    (0xA687, "\u{A686}"),
    (0xA689, "\u{A688}"),
    (0xA68B, "\u{A68A}"),
    (0xA68D, "\u{A68C}"),
    (0xA68F, "\u{A68E}"),
    (0xA691, "\u{A690}"),
    (0xA693, "\u{A692}"),
    (0xA695, "\u{A694}"),
    (0xA697, "\u{A696}"),
    (0xA699, "\u{A698}"),
    (0xA69B, "\u{A69A}"),
    (0xA723, "\u{A722}"),
    (0xA725, "\u{A724}"),
    (0xA727, "\u{A726}"),
    (0xA729, "\u{A728}"),
    (0xA72B, "\u{A72A}"),
    (0xA72D, "\u{A72C}"),
    (0xA72F, "\u{A72E}"),
    (0xA733, "\u{A732}"),
    (0xA735, "\u{A734}"),
    (0xA737, "\u{A736}"),
    (0xA739, "\u{A738}"),
    (0xA73B, "\u{A73A}"),
    (0xA73D, "\u{A73C}"),
    (0xA73F, "\u{A73E}"),
    (0xA741, "\u{A740}"),
    (0xA743, "\u{A742}"),
    (0xA745, "\u{A744}"),
    (0xA747, "\u{A746}"),
    (0xA749, "\u{A748}"),
    (0xA74B, "\u{A74A}"),
    (0xA74D, "\u{A74C}"),
    (0xA74F, "\u{A74E}"),
    (0xA751, "\u{A750}"),
    (0xA753, "\u{A752}"),
    (0xA755, "\u{A754}"),
    (0xA757, "\u{A756}"),
    (0xA759, "\u{A758}"),
    (0xA75B, "\u{A75A}"),
    (0xA75D, "\u{A75C}"),
    (0xA75F, "\u{A75E}"),
    (0xA761, "\u{A760}"),
    (0xA763, "\u{A762}"),
    (0xA765, "\u{A764}"),
    (0xA767, "\u{A766}"),
    (0xA769, "\u{A768}"),
    (0xA76B, "\u{A76A}"),
    (0xA76D, "\u{A76C}"),
    (0xA76F, "\u{A76E}"),
    (0xA77A, "\u{A779}"),
    (0xA77C, "\u{A77B}"),
    (0xA77F, "\u{A77E}"),
    (0xA781, "\u{A780}"),
    (0xA783, "\u{A782}"),
    (0xA785, "\u{A784}"),
    (0xA787, "\u{A786}"),
    (0xA78C, "\u{A78B}"),
    (0xA791, "\u{A790}"),
    (0xA793, "\u{A792}"),
    (0xA794, "\u{A7C4}"),
    (0xA797, "\u{A796}"),
    (0xA799, "\u{A798}"),
    (0xA79B, "\u{A79A}"),
    (0xA79D, "\u{A79C}"),
    (0xA79F, "\u{A79E}"),
    (0xA7A1, "\u{A7A0}"),
    (0xA7A3, "\u{A7A2}"),
    (0xA7A5, "\u{A7A4}"),
    (0xA7A7, "\u{A7A6}"),
    (0xA7A9, "\u{A7A8}"),
    (0xA7B5, "\u{A7B4}"),
    (0xA7B7, "\u{A7B6}"),
    (0xA7B9, "\u{A7B8}"),
    (0xA7BB, "\u{A7BA}"),
    (0xA7BD, "\u{A7BC}"),
    (0xA7BF, "\u{A7BE}"),
    (0xA7C1, "\u{A7C0}"),
    (0xA7C3, "\u{A7C2}"),
    (0xA7C8, "\u{A7C7}"),
    (0xA7CA, "\u{A7C9}"),
    (0xA7CD, "\u{A7CC}"),
    (0xA7CF, "\u{A7CE}"),
    (0xA7D1, "\u{A7D0}"),
    (0xA7D3, "\u{A7D2}"),
    (0xA7D5, "\u{A7D4}"),
    (0xA7D7, "\u{A7D6}"),
    (0xA7D9, "\u{A7D8}"),
    (0xA7DB, "\u{A7DA}"),
    (0xA7F6, "\u{A7F5}"),
    (0xAB53, "\u{A7B3}"),
    (0xAB70, "\u{13A0}"),
    (0xAB71, "\u{13A1}"),
    (0xAB72, "\u{13A2}"),
    (0xAB73, "\u{13A3}"),
    (0xAB74, "\u{13A4}"),
    (0xAB75, "\u{13A5}"),
    (0xAB76, "\u{13A6}"),
    (0xAB77, "\u{13A7}"),
    (0xAB78, "\u{13A8}"),
    (0xAB79, "\u{13A9}"),
    (0xAB7A, "\u{13AA}"),
    (0xAB7B, "\u{13AB}"),
    (0xAB7C, "\u{13AC}"),
    (0xAB7D, "\u{13AD}"),
    (0xAB7E, "\u{13AE}"),
    (0xAB7F, "\u{13AF}"),
    (0xAB80, "\u{13B0}"),
    (0xAB81, "\u{13B1}"),
    (0xAB82, "\u{13B2}"),
    (0xAB83, "\u{13B3}"),
    (0xAB84, "\u{13B4}"),
    (0xAB85, "\u{13B5}"),
    (0xAB86, "\u{13B6}"),
    (0xAB87, "\u{13B7}"),
    (0xAB88, "\u{13B8}"),
    (0xAB89, "\u{13B9}"),
    (0xAB8A, "\u{13BA}"),
    (0xAB8B, "\u{13BB}"),
    (0xAB8C, "\u{13BC}"),
    (0xAB8D, "\u{13BD}"),
    (0xAB8E, "\u{13BE}"),
    (0xAB8F, "\u{13BF}"),
    (0xAB90, "\u{13C0}"),
    (0xAB91, "\u{13C1}"),
    (0xAB92, "\u{13C2}"),
    (0xAB93, "\u{13C3}"),
    (0xAB94, "\u{13C4}"),
    (0xAB95, "\u{13C5}"),
    (0xAB96, "\u{13C6}"),
    (0xAB97, "\u{13C7}"),
    (0xAB98, "\u{13C8}"),
    (0xAB99, "\u{13C9}"),
    (0xAB9A, "\u{13CA}"),
    (0xAB9B, "\u{13CB}"),
    (0xAB9C, "\u{13CC}"),
    (0xAB9D, "\u{13CD}"),
    (0xAB9E, "\u{13CE}"),
    (0xAB9F, "\u{13CF}"),
    (0xABA0, "\u{13D0}"),
    (0xABA1, "\u{13D1}"),
    (0xABA2, "\u{13D2}"),
    (0xABA3, "\u{13D3}"),
    (0xABA4, "\u{13D4}"),
    (0xABA5, "\u{13D5}"),
    (0xABA6, "\u{13D6}"),
    (0xABA7, "\u{13D7}"),
    (0xABA8, "\u{13D8}"),
    (0xABA9, "\u{13D9}"),
    (0xABAA, "\u{13DA}"),
    (0xABAB, "\u{13DB}"),
    (0xABAC, "\u{13DC}"),
    (0xABAD, "\u{13DD}"),
    (0xABAE, "\u{13DE}"),
    (0xABAF, "\u{13DF}"),
    (0xABB0, "\u{13E0}"),
    (0xABB1, "\u{13E1}"),
    (0xABB2, "\u{13E2}"),
    (0xABB3, "\u{13E3}"),
    (0xABB4, "\u{13E4}"),
    (0xABB5, "\u{13E5}"),
    (0xABB6, "\u{13E6}"),
    (0xABB7, "\u{13E7}"),
    (0xABB8, "\u{13E8}"),
    (0xABB9, "\u{13E9}"),
    (0xABBA, "\u{13EA}"),
    (0xABBB, "\u{13EB}"),
    (0xABBC, "\u{13EC}"),
    (0xABBD, "\u{13ED}"),
    (0xABBE, "\u{13EE}"),
    (0xABBF, "\u{13EF}"),
    (0xFB00, "FF"),
    (0xFB01, "FI"),
    (0xFB02, "FL"),
    (0xFB03, "FFI"),
    (0xFB04, "FFL"),
    (0xFB05, "ST"),
    (0xFB06, "ST"),
    (0xFB13, "\u{544}\u{546}"),
    (0xFB14, "\u{544}\u{535}"),
    (0xFB15, "\u{544}\u{53B}"),
    (0xFB16, "\u{54E}\u{546}"),
    (0xFB17, "\u{544}\u{53D}"),
    (0xFF41, "\u{FF21}"),
    (0xFF42, "\u{FF22}"),
    (0xFF43, "\u{FF23}"),
    (0xFF44, "\u{FF24}"),
    (0xFF45, "\u{FF25}"),
    (0xFF46, "\u{FF26}"),
    (0xFF47, "\u{FF27}"),
    (0xFF48, "\u{FF28}"),
    (0xFF49, "\u{FF29}"),
    (0xFF4A, "\u{FF2A}"),
    (0xFF4B, "\u{FF2B}"),
    (0xFF4C, "\u{FF2C}"),
    (0xFF4D, "\u{FF2D}"),
    (0xFF4E, "\u{FF2E}"),
    (0xFF4F, "\u{FF2F}"),
    (0xFF50, "\u{FF30}"),
    (0xFF51, "\u{FF31}"),
    (0xFF52, "\u{FF32}"),
    (0xFF53, "\u{FF33}"),
    (0xFF54, "\u{FF34}"),
    (0xFF55, "\u{FF35}"),
    (0xFF56, "\u{FF36}"),
    (0xFF57, "\u{FF37}"),
    (0xFF58, "\u{FF38}"),
    (0xFF59, "\u{FF39}"),
    (0xFF5A, "\u{FF3A}"),
    (0x10428, "\u{10400}"),
    (0x10429, "\u{10401}"),
    (0x1042A, "\u{10402}"),
    (0x1042B, "\u{10403}"),
    (0x1042C, "\u{10404}"),
    (0x1042D, "\u{10405}"),
    (0x1042E, "\u{10406}"),
    (0x1042F, "\u{10407}"),
    (0x10430, "\u{10408}"),
    (0x10431, "\u{10409}"),
    (0x10432, "\u{1040A}"),
    (0x10433, "\u{1040B}"),
    (0x10434, "\u{1040C}"),
    (0x10435, "\u{1040D}"),
    (0x10436, "\u{1040E}"),
    (0x10437, "\u{1040F}"),
    (0x10438, "\u{10410}"),
    (0x10439, "\u{10411}"),
    (0x1043A, "\u{10412}"),
    (0x1043B, "\u{10413}"),
    (0x1043C, "\u{10414}"),
    (0x1043D, "\u{10415}"),
    (0x1043E, "\u{10416}"),
    (0x1043F, "\u{10417}"),
    (0x10440, "\u{10418}"),
    (0x10441, "\u{10419}"),
    (0x10442, "\u{1041A}"),
    (0x10443, "\u{1041B}"),
    (0x10444, "\u{1041C}"),
    (0x10445, "\u{1041D}"),
    (0x10446, "\u{1041E}"),
    (0x10447, "\u{1041F}"),
    (0x10448, "\u{10420}"),
    (0x10449, "\u{10421}"),
    (0x1044A, "\u{10422}"),
    (0x1044B, "\u{10423}"),
    (0x1044C, "\u{10424}"),
    (0x1044D, "\u{10425}"),
    (0x1044E, "\u{10426}"),
    (0x1044F, "\u{10427}"),
    (0x104D8, "\u{104B0}"),
    (0x104D9, "\u{104B1}"),
    (0x104DA, "\u{104B2}"),
    (0x104DB, "\u{104B3}"),
    (0x104DC, "\u{104B4}"),
    (0x104DD, "\u{104B5}"),
    (0x104DE, "\u{104B6}"),
    (0x104DF, "\u{104B7}"),
    (0x104E0, "\u{104B8}"),
    (0x104E1, "\u{104B9}"),
    (0x104E2, "\u{104BA}"),
    (0x104E3, "\u{104BB}"),
    (0x104E4, "\u{104BC}"),
    (0x104E5, "\u{104BD}"),
    (0x104E6, "\u{104BE}"),
    (0x104E7, "\u{104BF}"),
    (0x104E8, "\u{104C0}"),
    (0x104E9, "\u{104C1}"),
    (0x104EA, "\u{104C2}"),
    (0x104EB, "\u{104C3}"),
    (0x104EC, "\u{104C4}"),
    (0x104ED, "\u{104C5}"),
    (0x104EE, "\u{104C6}"),
    (0x104EF, "\u{104C7}"),
    (0x104F0, "\u{104C8}"),
    (0x104F1, "\u{104C9}"),
    (0x104F2, "\u{104CA}"),
    (0x104F3, "\u{104CB}"),
    (0x104F4, "\u{104CC}"),
    (0x104F5, "\u{104CD}"),
    (0x104F6, "\u{104CE}"),
    (0x104F7, "\u{104CF}"),
    (0x104F8, "\u{104D0}"),
    (0x104F9, "\u{104D1}"),
    (0x104FA, "\u{104D2}"),
    (0x104FB, "\u{104D3}"),
    (0x10597, "\u{10570}"),
    (0x10598, "\u{10571}"),
    (0x10599, "\u{10572}"),
    (0x1059A, "\u{10573}"),
    (0x1059B, "\u{10574}"),
    (0x1059C, "\u{10575}"),
    (0x1059D, "\u{10576}"),
    (0x1059E, "\u{10577}"),
    (0x1059F, "\u{10578}"),
    (0x105A0, "\u{10579}"),
    (0x105A1, "\u{1057A}"),
    (0x105A3, "\u{1057C}"),
    (0x105A4, "\u{1057D}"),
    (0x105A5, "\u{1057E}"),
    (0x105A6, "\u{1057F}"),
    (0x105A7, "\u{10580}"),
    (0x105A8, "\u{10581}"),
    (0x105A9, "\u{10582}"),
    (0x105AA, "\u{10583}"),
    (0x105AB, "\u{10584}"),
    (0x105AC, "\u{10585}"),
    (0x105AD, "\u{10586}"),
    (0x105AE, "\u{10587}"),
    (0x105AF, "\u{10588}"),
    (0x105B0, "\u{10589}"),
    (0x105B1, "\u{1058A}"),
    (0x105B3, "\u{1058C}"),
    (0x105B4, "\u{1058D}"),
    (0x105B5, "\u{1058E}"),
    (0x105B6, "\u{1058F}"),
    (0x105B7, "\u{10590}"),
    (0x105B8, "\u{10591}"),
    (0x105B9, "\u{10592}"),
    (0x105BB, "\u{10594}"),
    (0x105BC, "\u{10595}"),
    (0x10CC0, "\u{10C80}"),
    (0x10CC1, "\u{10C81}"),
    (0x10CC2, "\u{10C82}"),
    (0x10CC3, "\u{10C83}"),
    (0x10CC4, "\u{10C84}"),
    (0x10CC5, "\u{10C85}"),
    (0x10CC6, "\u{10C86}"),
    (0x10CC7, "\u{10C87}"),
    (0x10CC8, "\u{10C88}"),
    (0x10CC9, "\u{10C89}"),
    (0x10CCA, "\u{10C8A}"),
    (0x10CCB, "\u{10C8B}"),
    (0x10CCC, "\u{10C8C}"),
    (0x10CCD, "\u{10C8D}"),
    (0x10CCE, "\u{10C8E}"),
    (0x10CCF, "\u{10C8F}"),
    (0x10CD0, "\u{10C90}"),
    (0x10CD1, "\u{10C91}"),
    (0x10CD2, "\u{10C92}"),
    (0x10CD3, "\u{10C93}"),
    (0x10CD4, "\u{10C94}"),
    (0x10CD5, "\u{10C95}"),
    (0x10CD6, "\u{10C96}"),
    (0x10CD7, "\u{10C97}"),
    (0x10CD8, "\u{10C98}"),
    (0x10CD9, "\u{10C99}"),
    (0x10CDA, "\u{10C9A}"),
    (0x10CDB, "\u{10C9B}"),
    (0x10CDC, "\u{10C9C}"),
    (0x10CDD, "\u{10C9D}"),
    (0x10CDE, "\u{10C9E}"),
    (0x10CDF, "\u{10C9F}"),
    (0x10CE0, "\u{10CA0}"),
    (0x10CE1, "\u{10CA1}"),
    (0x10CE2, "\u{10CA2}"),
    (0x10CE3, "\u{10CA3}"),
    (0x10CE4, "\u{10CA4}"),
    (0x10CE5, "\u{10CA5}"),
    (0x10CE6, "\u{10CA6}"),
    (0x10CE7, "\u{10CA7}"),
    (0x10CE8, "\u{10CA8}"),
    (0x10CE9, "\u{10CA9}"),
    (0x10CEA, "\u{10CAA}"),
    (0x10CEB, "\u{10CAB}"),
    (0x10CEC, "\u{10CAC}"),
    (0x10CED, "\u{10CAD}"),
    (0x10CEE, "\u{10CAE}"),
    (0x10CEF, "\u{10CAF}"),
    (0x10CF0, "\u{10CB0}"),
    (0x10CF1, "\u{10CB1}"),
    (0x10CF2, "\u{10CB2}"),
    (0x10D70, "\u{10D50}"),
    (0x10D71, "\u{10D51}"),
    (0x10D72, "\u{10D52}"),
    (0x10D73, "\u{10D53}"),
    (0x10D74, "\u{10D54}"),
    (0x10D75, "\u{10D55}"),
    (0x10D76, "\u{10D56}"),
    (0x10D77, "\u{10D57}"),
    (0x10D78, "\u{10D58}"),
    (0x10D79, "\u{10D59}"),
    (0x10D7A, "\u{10D5A}"),
    (0x10D7B, "\u{10D5B}"),
    (0x10D7C, "\u{10D5C}"),
    (0x10D7D, "\u{10D5D}"),
    (0x10D7E, "\u{10D5E}"),
    (0x10D7F, "\u{10D5F}"),
    (0x10D80, "\u{10D60}"),
    (0x10D81, "\u{10D61}"),
    (0x10D82, "\u{10D62}"),
    (0x10D83, "\u{10D63}"),
    (0x10D84, "\u{10D64}"),
    (0x10D85, "\u{10D65}"),
    (0x118C0, "\u{118A0}"),
    (0x118C1, "\u{118A1}"),
    (0x118C2, "\u{118A2}"),
    (0x118C3, "\u{118A3}"),
    (0x118C4, "\u{118A4}"),
    (0x118C5, "\u{118A5}"),
    (0x118C6, "\u{118A6}"),
    (0x118C7, "\u{118A7}"),
    (0x118C8, "\u{118A8}"),
    (0x118C9, "\u{118A9}"),
    (0x118CA, "\u{118AA}"),
    (0x118CB, "\u{118AB}"),
    (0x118CC, "\u{118AC}"),
    (0x118CD, "\u{118AD}"),
    (0x118CE, "\u{118AE}"),
    (0x118CF, "\u{118AF}"),
    (0x118D0, "\u{118B0}"),
    (0x118D1, "\u{118B1}"),
    (0x118D2, "\u{118B2}"),
    (0x118D3, "\u{118B3}"),
    (0x118D4, "\u{118B4}"),
    (0x118D5, "\u{118B5}"),
    (0x118D6, "\u{118B6}"),
    (0x118D7, "\u{118B7}"),
    (0x118D8, "\u{118B8}"),
    (0x118D9, "\u{118B9}"),
    (0x118DA, "\u{118BA}"),
    (0x118DB, "\u{118BB}"),
    (0x118DC, "\u{118BC}"),
    (0x118DD, "\u{118BD}"),
    (0x118DE, "\u{118BE}"),
    (0x118DF, "\u{118BF}"),
    (0x16E60, "\u{16E40}"),
    (0x16E61, "\u{16E41}"),
    (0x16E62, "\u{16E42}"),
    (0x16E63, "\u{16E43}"),
    (0x16E64, "\u{16E44}"),
    (0x16E65, "\u{16E45}"),
    (0x16E66, "\u{16E46}"),
    (0x16E67, "\u{16E47}"),
    (0x16E68, "\u{16E48}"),
    (0x16E69, "\u{16E49}"),
    (0x16E6A, "\u{16E4A}"),
    (0x16E6B, "\u{16E4B}"),
    (0x16E6C, "\u{16E4C}"),
    (0x16E6D, "\u{16E4D}"),
    (0x16E6E, "\u{16E4E}"),
    (0x16E6F, "\u{16E4F}"),
    (0x16E70, "\u{16E50}"),
    (0x16E71, "\u{16E51}"),
    (0x16E72, "\u{16E52}"),
    (0x16E73, "\u{16E53}"),
    (0x16E74, "\u{16E54}"),
    (0x16E75, "\u{16E55}"),
    (0x16E76, "\u{16E56}"),
    (0x16E77, "\u{16E57}"),
    (0x16E78, "\u{16E58}"),
    (0x16E79, "\u{16E59}"),
    (0x16E7A, "\u{16E5A}"),
    (0x16E7B, "\u{16E5B}"),
    (0x16E7C, "\u{16E5C}"),
    (0x16E7D, "\u{16E5D}"),
    (0x16E7E, "\u{16E5E}"),
    (0x16E7F, "\u{16E5F}"),
    (0x16EBB, "\u{16EA0}"),
    (0x16EBC, "\u{16EA1}"),
    (0x16EBD, "\u{16EA2}"),
    (0x16EBE, "\u{16EA3}"),
    (0x16EBF, "\u{16EA4}"),
    (0x16EC0, "\u{16EA5}"),
    (0x16EC1, "\u{16EA6}"),
    (0x16EC2, "\u{16EA7}"),
    (0x16EC3, "\u{16EA8}"),
    (0x16EC4, "\u{16EA9}"),
    (0x16EC5, "\u{16EAA}"),
    (0x16EC6, "\u{16EAB}"),
    (0x16EC7, "\u{16EAC}"),
    (0x16EC8, "\u{16EAD}"),
    (0x16EC9, "\u{16EAE}"),
    (0x16ECA, "\u{16EAF}"),
    (0x16ECB, "\u{16EB0}"),
    (0x16ECC, "\u{16EB1}"),
    (0x16ECD, "\u{16EB2}"),
    (0x16ECE, "\u{16EB3}"),
    (0x16ECF, "\u{16EB4}"),
    (0x16ED0, "\u{16EB5}"),
    (0x16ED1, "\u{16EB6}"),
    (0x16ED2, "\u{16EB7}"),
    (0x16ED3, "\u{16EB8}"),
    (0x1E922, "\u{1E900}"),
    (0x1E923, "\u{1E901}"),
    (0x1E924, "\u{1E902}"),
    (0x1E925, "\u{1E903}"),
    (0x1E926, "\u{1E904}"),
    (0x1E927, "\u{1E905}"),
    (0x1E928, "\u{1E906}"),
    (0x1E929, "\u{1E907}"),
    (0x1E92A, "\u{1E908}"),
    (0x1E92B, "\u{1E909}"),
    (0x1E92C, "\u{1E90A}"),
    (0x1E92D, "\u{1E90B}"),
    (0x1E92E, "\u{1E90C}"),
    (0x1E92F, "\u{1E90D}"),
    (0x1E930, "\u{1E90E}"),
    (0x1E931, "\u{1E90F}"),
    (0x1E932, "\u{1E910}"),
    (0x1E933, "\u{1E911}"),
    (0x1E934, "\u{1E912}"),
    (0x1E935, "\u{1E913}"),
    (0x1E936, "\u{1E914}"),
    (0x1E937, "\u{1E915}"),
    (0x1E938, "\u{1E916}"),
    (0x1E939, "\u{1E917}"),
    (0x1E93A, "\u{1E918}"),
    (0x1E93B, "\u{1E919}"),
    (0x1E93C, "\u{1E91A}"),
    (0x1E93D, "\u{1E91B}"),
    (0x1E93E, "\u{1E91C}"),
    (0x1E93F, "\u{1E91D}"),
    (0x1E940, "\u{1E91E}"),
    (0x1E941, "\u{1E91F}"),
    (0x1E942, "\u{1E920}"),
    (0x1E943, "\u{1E921}"),
];

/// Non-ASCII scalars canonically equivalent to a single ASCII scalar.
pub static ASCII_SINGLETONS: &[(u32, u8)] = &[
    (0x37E, 59),
    (0x1FEF, 96),
    (0x212A, 75),
];
